filter,reducer,model,fold,n_features,auroc,bal_acc,f1_macro
boruta,ae,xgboost,0,64.0,0.8586298141691672,0.657743569238971,0.6373901210048181
boruta,ae,random_forest,0,64.0,0.8612278423707447,0.6455484472877515,0.6227313166011355
boruta,ae,logistic,0,64.0,0.9020666101844088,0.7674063707850193,0.7076028661722832
boruta,ae,elasticnet,0,64.0,0.8999560057344786,0.7728708516593362,0.7142582182746576
boruta,ae,svm,0,64.0,0.8897668969105753,0.7562041849926696,0.7049019607843138
boruta,ae,mlp,0,64.0,0.8871811818868292,0.6898107423697187,0.6552520576131687
boruta,ae,cnn,0,64.0,0.885227150275902,0.7001599360255898,0.6360905608165551
boruta,ae_vae,xgboost,0,64.0,0.892277619916107,0.6513261362121817,0.65507728007728
boruta,ae_vae,random_forest,0,64.0,0.8715576140361128,0.6779288284686125,0.6698506344524043
boruta,ae_vae,logistic,0,64.0,0.8882987208987528,0.7426096228175396,0.6879426046763536
boruta,ae_vae,elasticnet,0,64.0,0.8884688443572079,0.725942956150873,0.6785598265097622
boruta,ae_vae,svm,0,64.0,0.8764505969427923,0.7340730374516861,0.6886485814730542
boruta,ae_vae,mlp,0,64.0,0.885532048655688,0.71515393842463,0.6545678070927127
boruta,ae_vae,cnn,0,64.0,0.8875380928844511,0.733626549380248,0.6561063078097539
boruta,chrom_hmm,xgboost,0,15.0,0.8860892036615211,0.7117086498733839,0.7219822521171846
boruta,chrom_hmm,random_forest,0,15.0,0.9100237995072872,0.7755764360922298,0.7740956361646018
boruta,chrom_hmm,logistic,0,15.0,0.9151534840524604,0.7697987471677995,0.7234997853693913
boruta,chrom_hmm,elasticnet,0,15.0,0.9151549143805836,0.7697987471677995,0.7248711479157232
boruta,chrom_hmm,svm,0,15.0,0.9179425362738964,0.7486605357856857,0.7197514225816112
boruta,chrom_hmm,mlp,0,15.0,0.8869935178215788,0.7131080900972945,0.7182121971595655
boruta,chrom_hmm,cnn,0,15.0,0.8673112212050885,0.6573703851792616,0.667272410392437
boruta,none,xgboost,0,400.0,0.9030965363531682,0.6591829934692789,0.6619966248807136
boruta,none,random_forest,0,400.0,0.9173008941710612,0.7132480341196854,0.7173327113460841
boruta,none,logistic,0,400.0,0.9090473393482909,0.6939157670265228,0.6917835609696074
boruta,none,elasticnet,0,400.0,0.9071540059164616,0.7051179528188724,0.7018646553530274
boruta,none,svm,0,400.0,0.9205605131769308,0.7343862455017992,0.7270613107822411
boruta,none,mlp,0,400.0,0.8583068250017156,0.6628348660535787,0.6742368742368742
boruta,none,cnn,0,400.0,0.8425916849989051,0.3495934959349593,0.2158562367864693
boruta,pca100,xgboost,0,100.0,0.8787462181799871,0.6922431027588964,0.6990040129575013
boruta,pca100,random_forest,0,100.0,0.9007640614752672,0.6733173397307742,0.6828548479632817
boruta,pca100,logistic,0,100.0,0.9069259011374976,0.6996534719445555,0.6914516004030071
boruta,pca100,elasticnet,0,100.0,0.9097978043980036,0.6996534719445555,0.690647713311364
boruta,pca100,svm,0,100.0,0.9105663033796356,0.7524523523923764,0.7335184838461378
boruta,pca100,mlp,0,100.0,0.8824249868148648,0.6912501666000267,0.6873243715348979
boruta,pca100,cnn,0,100.0,0.8932102599133827,0.6822670931627349,0.6632531115976473
boruta,pca200,xgboost,0,200.0,0.8962708863127782,0.6800479808076769,0.6883442265795207
boruta,pca200,random_forest,0,200.0,0.899337062340619,0.6743102758896441,0.688413214990138
boruta,pca200,logistic,0,200.0,0.9058971872821496,0.6775223244035719,0.6725552947869996
boruta,pca200,elasticnet,0,200.0,0.9080635549339572,0.6775223244035719,0.670347108197173
boruta,pca200,svm,0,200.0,0.9117829688955488,0.7286485405837665,0.7221116754813147
boruta,pca200,mlp,0,200.0,0.8829761126411094,0.6867786218845794,0.6902742129233536
boruta,pca200,cnn,0,200.0,0.7767287126112223,0.520451819272291,0.3955065970699435
boruta,pca300,xgboost,0,300.0,0.8941709786961228,0.703578568572571,0.7112417150878688
boruta,pca300,random_forest,0,300.0,0.8962929902869613,0.6559709449553512,0.6717333904231785
boruta,pca300,logistic,0,300.0,0.9102160977727092,0.7160469145675062,0.7126649960251646
boruta,pca300,elasticnet,0,300.0,0.9161569098595596,0.6829868052778889,0.6769588467798187
boruta,pca300,svm,0,300.0,0.9145302051372304,0.7453152072504331,0.7378405907817672
boruta,pca300,mlp,0,300.0,0.8817385043450173,0.7161801945888312,0.724847633938543
boruta,pca300,cnn,0,300.0,0.8644995043204386,0.7337598294015727,0.6573255185775095
boruta,pls20,xgboost,0,20.0,0.8732091111633412,0.6814474210315873,0.6800438233968967
boruta,pls20,random_forest,0,20.0,0.8749977458558078,0.6385845661735305,0.6452968284087829
boruta,pls20,logistic,0,20.0,0.890664403542651,0.6985205917632946,0.6883449031786628
boruta,pls20,elasticnet,0,20.0,0.8875477180207576,0.6903905104624816,0.6783219590525894
boruta,pls20,svm,0,20.0,0.8849075828429185,0.7062441689990671,0.7132247359520086
boruta,pls20,mlp,0,20.0,0.8563560053681653,0.6570571771291482,0.6534626216077829
boruta,pls20,cnn,0,20.0,0.8724414282308771,0.6569238971078235,0.6564522876528877
boruta,pls30,xgboost,0,30.0,0.8847979492617063,0.7121151539384246,0.708904167727697
boruta,pls30,random_forest,0,30.0,0.8794642801248003,0.6497867519658803,0.6539884342966703
boruta,pls30,logistic,0,30.0,0.8807918711672243,0.7137878182060509,0.7021291147724864
boruta,pls30,elasticnet,0,30.0,0.8799135839770565,0.7318539250966279,0.7140536723163843
boruta,pls30,svm,0,30.0,0.8773664157276725,0.7219178995068639,0.7156890147035989
boruta,pls30,mlp,0,30.0,0.8393567660750331,0.6702052512328404,0.6528368468826812
boruta,pls30,cnn,0,30.0,0.8782227612025105,0.7287818206050912,0.7260809377680421
boruta,ae,xgboost,1,64.0,0.887155044011109,0.6740294511378849,0.6715848639967881
boruta,ae,random_forest,1,64.0,0.8857609586057359,0.6977911646586344,0.6856114786340068
boruta,ae,logistic,1,64.0,0.9034753902340754,0.6962516733601071,0.6824870448561814
boruta,ae,elasticnet,1,64.0,0.9027810281568032,0.6906961178045515,0.676587339841432
boruta,ae,svm,1,64.0,0.898234698815176,0.6715528781793841,0.6546020413944943
boruta,ae,mlp,1,64.0,0.909429781270055,0.7082998661311914,0.7082998661311914
boruta,ae,cnn,1,64.0,0.8976171165754744,0.614190093708166,0.5751322751322752
boruta,ae_vae,xgboost,1,64.0,0.8611251339801461,0.6397590361445783,0.6344984636430681
boruta,ae_vae,random_forest,1,64.0,0.8860292222366734,0.7082998661311914,0.6977294435294029
boruta,ae_vae,logistic,1,64.0,0.8978304271013945,0.6842034805890228,0.6623166115863077
boruta,ae_vae,elasticnet,1,64.0,0.898838405878703,0.6842034805890228,0.6623166115863077
boruta,ae_vae,svm,1,64.0,0.8855246988815243,0.6977911646586344,0.6777338603425559
boruta,ae_vae,mlp,1,64.0,0.8980131356666625,0.6842034805890228,0.6618414613176725
boruta,ae_vae,cnn,1,64.0,0.8941188282675592,0.6786479250334673,0.6560556336927644
boruta,chrom_hmm,xgboost,1,15.0,0.9049237851444252,0.7558232931726908,0.7456875493254161
boruta,chrom_hmm,random_forest,1,15.0,0.9274539270986224,0.756760374832664,0.756760374832664
boruta,chrom_hmm,logistic,1,15.0,0.918237817633946,0.7391566265060242,0.7199652532710786
boruta,chrom_hmm,elasticnet,1,15.0,0.917115270096613,0.7391566265060242,0.7191984155625439
boruta,chrom_hmm,svm,1,15.0,0.9171737235224192,0.7456492637215528,0.729776247848537
boruta,chrom_hmm,mlp,1,15.0,0.9087492784635725,0.6906961178045515,0.6884028757642948
boruta,chrom_hmm,cnn,1,15.0,0.882960834898196,0.5851405622489959,0.542271721282216
boruta,none,xgboost,1,436.0,0.9242119381638624,0.7354752342704151,0.7516923076923078
boruta,none,random_forest,1,436.0,0.929138557875106,0.7234270414993307,0.733597276036163
boruta,none,logistic,1,436.0,0.9175146384074327,0.7870147255689425,0.7849930564666451
boruta,none,elasticnet,1,436.0,0.9192059352443608,0.7694109772423025,0.7577930651101382
boruta,none,svm,1,436.0,0.9330838482815323,0.7178714859437751,0.7202442210602548
boruta,none,mlp,1,436.0,0.9171626147471276,0.7197456492637215,0.7391244268576095
boruta,none,cnn,1,436.0,0.8550310016402541,0.5837349397590361,0.5064058781731683
boruta,pca100,xgboost,1,100.0,0.91865239376498,0.7416331994645248,0.7536757103223058
boruta,pca100,random_forest,1,100.0,0.9148342265797524,0.6669344042838019,0.6712537991194756
boruta,pca100,logistic,1,100.0,0.9153871341159328,0.7502677376171353,0.7325976348994017
boruta,pca100,elasticnet,1,100.0,0.9172122963531316,0.7638554216867469,0.7511638120333771
boruta,pca100,svm,1,100.0,0.929936114658012,0.7678714859437751,0.7678714859437751
boruta,pca100,mlp,1,100.0,0.9024034524955684,0.6935073627844712,0.7065001887683936
boruta,pca100,cnn,1,100.0,0.905619876932311,0.7067603748326641,0.6932840839862716
boruta,pca200,xgboost,1,200.0,0.9159016256030528,0.7734270414993306,0.781245835903491
boruta,pca200,random_forest,1,200.0,0.8994330269910747,0.6749665327978581,0.681851385536883
boruta,pca200,logistic,1,200.0,0.921626581461065,0.7527443105756358,0.7521579430670341
boruta,pca200,elasticnet,1,200.0,0.9241789560759616,0.7623159303882195,0.7582938695864977
boruta,pca200,svm,1,200.0,0.9328919464037604,0.7829986613119143,0.7912088981098503
boruta,pca200,mlp,1,200.0,0.9065875185172764,0.7172690763052209,0.7336577582280532
boruta,pca200,cnn,1,200.0,0.8405060484543464,0.493239625167336,0.3355919442875965
boruta,pca300,xgboost,1,300.0,0.920211652048709,0.7456492637215528,0.7616426598462528
boruta,pca300,random_forest,1,300.0,0.8933796743540573,0.6799196787148595,0.6897207367795604
boruta,pca300,logistic,1,300.0,0.9149302280750404,0.7678714859437751,0.7673553719008265
boruta,pca300,elasticnet,1,300.0,0.9192327403624048,0.7582998661311914,0.7520184103550284
boruta,pca300,svm,1,300.0,0.9334920474892986,0.753681392235609,0.7669723803499894
boruta,pca300,mlp,1,300.0,0.8784305097821298,0.6601740294511379,0.6651923654148348
boruta,pca300,cnn,1,300.0,0.713698483253402,0.3388888888888888,0.0841890350087071
boruta,pls20,xgboost,1,20.0,0.9002216472198342,0.742570281124498,0.7526304181076705
boruta,pls20,random_forest,1,20.0,0.9050814041010264,0.6799196787148595,0.6869689450334612
boruta,pls20,logistic,1,20.0,0.8766072914101923,0.7441097724230255,0.7319740630777419
boruta,pls20,elasticnet,1,20.0,0.8733160366816349,0.7274431057563587,0.7192604369074957
boruta,pls20,svm,1,20.0,0.8957785211045827,0.7345381526104418,0.7349754272966672
boruta,pls20,mlp,1,20.0,0.8169602817770732,0.6123159303882195,0.6149017778468875
boruta,pls20,cnn,1,20.0,0.8755909702584752,0.7228246318607764,0.7247855815301719
boruta,pls30,xgboost,1,30.0,0.8912262920012365,0.6900937081659974,0.6999421256105748
boruta,pls30,random_forest,1,30.0,0.8988377298998423,0.6845381526104418,0.6945874646282578
boruta,pls30,logistic,1,30.0,0.8616180259544981,0.6900937081659974,0.6833613402708024
boruta,pls30,elasticnet,1,30.0,0.8600498118029408,0.6860776439089692,0.6777871423889122
boruta,pls30,svm,1,30.0,0.8917768921204995,0.724364123159304,0.7317924525774661
boruta,pls30,mlp,1,30.0,0.8240142649035502,0.6462516733601071,0.6440354943348955
boruta,pls30,cnn,1,30.0,0.8887542884326134,0.6845381526104418,0.6872800402212166
boruta,ae,xgboost,2,64.0,0.8860836862851743,0.7076436092229774,0.7036532139798631
boruta,ae,random_forest,2,64.0,0.8817247134254318,0.7118419298947088,0.7034188034188035
boruta,ae,logistic,2,64.0,0.919031398127472,0.7514594162335065,0.7127947124395778
boruta,ae,elasticnet,2,64.0,0.9174482327231684,0.7473943755831001,0.7081133919843597
boruta,ae,svm,2,64.0,0.9099647296192208,0.7514594162335065,0.7135198135198135
boruta,ae,mlp,2,64.0,0.9093041651119074,0.7555244568839131,0.7188702926948647
boruta,ae,cnn,2,64.0,0.8945555389814288,0.7473943755831001,0.7084826762246118
boruta,ae_vae,xgboost,2,64.0,0.9032893450850452,0.7496468079434893,0.7478835978835979
boruta,ae_vae,random_forest,2,64.0,0.9071849759858216,0.7251632680261229,0.734860712577714
boruta,ae_vae,logistic,2,64.0,0.9113977896271516,0.7640610422497667,0.7190075118078586
boruta,ae_vae,elasticnet,2,64.0,0.9114233718023574,0.7640610422497667,0.7190075118078586
boruta,ae_vae,svm,2,64.0,0.8869353843781066,0.7721911235505797,0.7294141375745928
boruta,ae_vae,mlp,2,64.0,0.90902939269671,0.7473943755831001,0.7084936371707605
boruta,ae_vae,cnn,2,64.0,0.8964429587726674,0.7578768492602959,0.6931235158132557
boruta,chrom_hmm,xgboost,2,15.0,0.909182639813002,0.7478408636545382,0.7431441335512724
boruta,chrom_hmm,random_forest,2,15.0,0.9134582574788846,0.7767026522724243,0.7639537684883111
boruta,chrom_hmm,logistic,2,15.0,0.9261819700245638,0.7747167799546847,0.7385085291189987
boruta,chrom_hmm,elasticnet,2,15.0,0.9280066604313376,0.7580501132880181,0.7273093915562155
boruta,chrom_hmm,svm,2,15.0,0.923293402683346,0.7773823803811809,0.7419833902631899
boruta,chrom_hmm,mlp,2,15.0,0.917618938242323,0.7492403038784486,0.7376689806357325
boruta,chrom_hmm,cnn,2,15.0,0.9108533464154616,0.7728575236572038,0.7192539716874564
boruta,none,xgboost,2,387.0,0.930347840583877,0.7556977209116353,0.7569154795821462
boruta,none,random_forest,2,387.0,0.9249211117895016,0.735239237638278,0.7338137472283813
boruta,none,logistic,2,387.0,0.9403049433770478,0.8185725709716114,0.7890724451119216
boruta,none,elasticnet,2,387.0,0.9392469101641642,0.8073703851792616,0.7844585091420534
boruta,none,svm,2,387.0,0.9318431029776556,0.8104424896707983,0.7768361581920904
boruta,none,mlp,2,387.0,0.914190482308464,0.727828868452619,0.7414406396442326
boruta,none,cnn,2,387.0,0.7823084749405723,0.4614754098360656,0.3089285714285714
boruta,pca100,xgboost,2,100.0,0.9255542429255952,0.7655004664800747,0.7609237140748574
boruta,pca100,random_forest,2,100.0,0.915930859823564,0.6904304944688792,0.6914311393583384
boruta,pca100,logistic,2,100.0,0.9342520025539628,0.7978408636545381,0.77115523916573
boruta,pca100,elasticnet,2,100.0,0.9370822336323718,0.7937758230041316,0.7652086475615887
boruta,pca100,svm,2,100.0,0.927994190612542,0.7866386778621884,0.7660164177969621
boruta,pca100,mlp,2,100.0,0.9202258557213306,0.7492403038784486,0.7484468339307049
boruta,pca100,cnn,2,100.0,0.8473242939384588,0.6662734906037585,0.6397997396244035
boruta,pca200,xgboost,2,200.0,0.9174928408953752,0.7087698254031721,0.7069155876743952
boruta,pca200,random_forest,2,200.0,0.8920067898715655,0.6792283086765294,0.6816343136795767
boruta,pca200,logistic,2,200.0,0.9406068170311492,0.7964414234306277,0.7700893942644641
boruta,pca200,elasticnet,2,200.0,0.9401965988983468,0.8019059043049447,0.7757391117785883
boruta,pca200,svm,2,200.0,0.9278474594693206,0.7737638278022124,0.7695576057287976
boruta,pca200,mlp,2,200.0,0.9170635699621492,0.7795015327202451,0.7675293305728088
boruta,pca200,cnn,2,200.0,0.8299641532711703,0.6634279621484739,0.607000407000407
boruta,pca300,xgboost,2,300.0,0.9161901141566792,0.6730441156870585,0.6735078053259871
boruta,pca300,random_forest,2,300.0,0.8833745221400616,0.6554244968679196,0.6520134975855114
boruta,pca300,logistic,2,300.0,0.9389013048639392,0.8076436092229775,0.7746589217562591
boruta,pca300,elasticnet,2,300.0,0.9407523369777684,0.7964414234306277,0.7687470963718172
boruta,pca300,svm,2,300.0,0.9264425210240348,0.777828868452619,0.7762566137566137
boruta,pca300,mlp,2,300.0,0.9092187411811196,0.7128348660535786,0.7139879091098603
boruta,pca300,cnn,2,300.0,0.9056666115795404,0.6680261228841796,0.6695015202172666
boruta,pls20,xgboost,2,20.0,0.8966867949950533,0.7202452352392377,0.7127457522714439
boruta,pls20,random_forest,2,20.0,0.898440133471219,0.6880381180860988,0.6870214794854181
boruta,pls20,logistic,2,20.0,0.912167776909462,0.7637878182060508,0.7314131858836151
boruta,pls20,elasticnet,2,20.0,0.907182040198768,0.7597227775556443,0.7257780930097314
boruta,pls20,svm,2,20.0,0.9249145516178572,0.7754364920698387,0.7663197245852343
boruta,pls20,mlp,2,20.0,0.8393735287226257,0.6597227775556443,0.655646932810486
boruta,pls20,cnn,2,20.0,0.8607979250925993,0.6421031587365054,0.6413825757575758
boruta,pls30,xgboost,2,30.0,0.8981269515815176,0.6828468612554978,0.6809061188187518
boruta,pls30,random_forest,2,30.0,0.8937753400517967,0.6727708916433426,0.6715078836331334
boruta,pls30,logistic,2,30.0,0.9004023627669593,0.7206517393042783,0.7056427110915954
boruta,pls30,elasticnet,2,30.0,0.8964745422749149,0.7151872584299613,0.6990156928681518
boruta,pls30,svm,2,30.0,0.9198814898763676,0.7547047847527656,0.7505898509119863
boruta,pls30,mlp,2,30.0,0.8230094604516078,0.6206117552978808,0.6084688346883469
boruta,pls30,cnn,2,30.0,0.8727703382812582,0.6289151006264161,0.6294958565326754
boruta,ae,xgboost,3,64.0,0.8250306010033311,0.6052845528455285,0.6038633642150374
boruta,ae,random_forest,3,64.0,0.8336991303926432,0.6360433604336043,0.6314774047575369
boruta,ae,logistic,3,64.0,0.8749254059614607,0.6712737127371273,0.6430824077882902
boruta,ae,elasticnet,3,64.0,0.8743349731205128,0.6712737127371273,0.6430378153508234
boruta,ae,svm,3,64.0,0.8656006927371124,0.6627371273712738,0.641441302962472
boruta,ae,mlp,3,64.0,0.854400950043745,0.6593495934959349,0.6603933145747806
boruta,ae,cnn,3,64.0,0.8629658163124024,0.6953929539295393,0.6506905761386559
boruta,ae_vae,xgboost,3,64.0,0.8729424403640612,0.6264227642276422,0.622280701754386
boruta,ae_vae,random_forest,3,64.0,0.8528169715727811,0.6516260162601626,0.6432360742705571
boruta,ae_vae,logistic,3,64.0,0.8600232225223384,0.6657181571815719,0.6294547141885088
boruta,ae_vae,elasticnet,3,64.0,0.8597171376470737,0.6657181571815719,0.6294547141885088
boruta,ae_vae,svm,3,64.0,0.840587791855549,0.6586720867208672,0.6365529831549249
boruta,ae_vae,mlp,3,64.0,0.8562310790188818,0.6420054200542006,0.6248677248677249
boruta,ae_vae,cnn,3,64.0,0.8566083994000669,0.637940379403794,0.6202166544147676
boruta,chrom_hmm,xgboost,3,15.0,0.8515075601598324,0.6890243902439024,0.6787824543865971
boruta,chrom_hmm,random_forest,3,15.0,0.8591079709298889,0.662330623306233,0.6514859340946297
boruta,chrom_hmm,logistic,3,15.0,0.8796364636354178,0.6956639566395664,0.668529728275491
boruta,chrom_hmm,elasticnet,3,15.0,0.8817501968343352,0.7037940379403794,0.67791701475912
boruta,chrom_hmm,svm,3,15.0,0.8791150537851692,0.7052845528455284,0.6798436562760007
boruta,chrom_hmm,mlp,3,15.0,0.8509231193527068,0.6501355013550135,0.6375900787665493
boruta,chrom_hmm,cnn,3,15.0,0.859600954871051,0.62710027100271,0.628498890268601
boruta,none,xgboost,3,440.0,0.8896097010887258,0.6730352303523035,0.674549955910693
boruta,none,random_forest,3,440.0,0.8718422543069672,0.6426829268292683,0.6433939146416173
boruta,none,logistic,3,440.0,0.88400655540662,0.7174796747967479,0.7102791886219381
boruta,none,elasticnet,3,440.0,0.8874339519769127,0.6871273712737128,0.6786697836492088
boruta,none,svm,3,440.0,0.8908155686603814,0.709349593495935,0.6937437708613435
boruta,none,mlp,3,440.0,0.81992463508935,0.667208672086721,0.6194594594594595
boruta,none,cnn,3,440.0,0.4597724692380864,0.3333333333333333,0.1801801801801802
boruta,pca100,xgboost,3,100.0,0.8799961587367875,0.6971544715447154,0.6911381417887723
boruta,pca100,random_forest,3,100.0,0.8680732205951581,0.7067750677506774,0.7035907859078591
boruta,pca100,logistic,3,100.0,0.8885344140137065,0.712330623306233,0.6952401786528121
boruta,pca100,elasticnet,3,100.0,0.8860436878671466,0.662330623306233,0.6509141889129039
boruta,pca100,svm,3,100.0,0.8760757829029546,0.6871273712737128,0.6752553221009707
boruta,pca100,mlp,3,100.0,0.8694346261157998,0.657859078590786,0.6587960830475801
boruta,pca100,cnn,3,100.0,0.8599880842256363,0.6697831978319785,0.6305916305916306
boruta,pca200,xgboost,3,200.0,0.8775624761909038,0.6971544715447154,0.6943508310961329
boruta,pca200,random_forest,3,200.0,0.8553498220445475,0.6663956639566395,0.6700408508533174
boruta,pca200,logistic,3,200.0,0.8829756075108389,0.6886178861788618,0.6745055145383283
boruta,pca200,elasticnet,3,200.0,0.8823628904785319,0.6982384823848239,0.6847953216374268
boruta,pca200,svm,3,200.0,0.8734863916748804,0.7078590785907859,0.7011366822132171
boruta,pca200,mlp,3,200.0,0.8643983287043587,0.6730352303523035,0.6750991714962079
boruta,pca200,cnn,3,200.0,0.8625731907519295,0.6956639566395664,0.668777668470241
boruta,pca300,xgboost,3,300.0,0.8781811759017893,0.6663956639566395,0.6665817370424416
boruta,pca300,random_forest,3,300.0,0.8527645588179161,0.6527100271002709,0.6604385631172619
boruta,pca300,logistic,3,300.0,0.8856996113457406,0.7119241192411924,0.7020580064058324
boruta,pca300,elasticnet,3,300.0,0.8835923800414475,0.718970189701897,0.7026314150131002
boruta,pca300,svm,3,300.0,0.8750970372690471,0.7215447154471545,0.7171131441844222
boruta,pca300,mlp,3,300.0,0.8445461499802791,0.6730352303523035,0.6741105637657362
boruta,pca300,cnn,3,300.0,0.8791366456884674,0.682249322493225,0.669766573295985
boruta,pls20,xgboost,3,20.0,0.829544623204448,0.6441734417344174,0.645808484122357
boruta,pls20,random_forest,3,20.0,0.8237823728865568,0.6471544715447154,0.6486111111111111
boruta,pls20,logistic,3,20.0,0.8490317415946874,0.6764227642276422,0.6694128246443856
boruta,pls20,elasticnet,3,20.0,0.8462992993296407,0.6668021680216802,0.6584579976985041
boruta,pls20,svm,3,20.0,0.8441180820776725,0.6926829268292684,0.6891534391534391
boruta,pls20,mlp,3,20.0,0.8001240786020122,0.6338753387533875,0.63040145718412
boruta,pls20,cnn,3,20.0,0.8484860548860942,0.6678861788617886,0.6753207455821834
boruta,pls30,xgboost,3,30.0,0.829869965849617,0.6567750677506775,0.6595253030808585
boruta,pls30,random_forest,3,30.0,0.8213949029075351,0.6264227642276423,0.6276747301549538
boruta,pls30,logistic,3,30.0,0.8477181624205086,0.6738482384823848,0.6720628930817609
boruta,pls30,elasticnet,3,30.0,0.848192431195922,0.6738482384823848,0.6720628930817609
boruta,pls30,svm,3,30.0,0.842387081268631,0.6678861788617886,0.6687204193979261
boruta,pls30,mlp,3,30.0,0.8054485830173131,0.6197831978319783,0.6211535783904205
boruta,pls30,cnn,3,30.0,0.8605282302909331,0.6627371273712738,0.6601762820512821
boruta,ae,xgboost,4,64.0,0.8733975658952599,0.6386178861788618,0.6375933245498463
boruta,ae,random_forest,4,64.0,0.8669979806787723,0.6530003871467286,0.6499983033017748
boruta,ae,logistic,4,64.0,0.8927936912119959,0.7548974061169184,0.7174935846662601
boruta,ae,elasticnet,4,64.0,0.8942191794231652,0.7390243902439023,0.7068492242069869
boruta,ae,svm,4,64.0,0.890716216702979,0.7301006581494386,0.6906831486270738
boruta,ae,mlp,4,64.0,0.9077471650282736,0.7279907084785133,0.722912353347136
boruta,ae,cnn,4,64.0,0.8998159228096115,0.5937669376693767,0.5507599489499942
boruta,ae_vae,xgboost,4,64.0,0.8398100148177136,0.595760743321719,0.5965846974855421
boruta,ae_vae,random_forest,4,64.0,0.8506779184778918,0.6238288811459544,0.623758803329259
boruta,ae_vae,logistic,4,64.0,0.9038290740026744,0.720383275261324,0.6634270806456237
boruta,ae_vae,elasticnet,4,64.0,0.9045577643747847,0.720383275261324,0.6634270806456237
boruta,ae_vae,svm,4,64.0,0.896169381241664,0.7451800232288037,0.6914568907871179
boruta,ae_vae,mlp,4,64.0,0.8931383265236148,0.7370499419279907,0.6821239310256425
boruta,ae_vae,cnn,4,64.0,0.8957407349271969,0.730797522260937,0.6830827067669173
boruta,chrom_hmm,xgboost,4,15.0,0.8937768361836648,0.7011033681765388,0.70651918887213
boruta,chrom_hmm,random_forest,4,15.0,0.8970311332410864,0.675609756097561,0.6836290071584189
boruta,chrom_hmm,logistic,4,15.0,0.8854859820624467,0.7319783197831978,0.7019926555640631
boruta,chrom_hmm,elasticnet,4,15.0,0.8846989817473018,0.7319783197831978,0.7019926555640631
boruta,chrom_hmm,svm,4,15.0,0.8900045237410259,0.7297909407665505,0.7093294659947654
boruta,chrom_hmm,mlp,4,15.0,0.869161728129776,0.7061749903213318,0.6994598594154643
boruta,chrom_hmm,cnn,4,15.0,0.8771133928476701,0.6898954703832753,0.692640060369275
boruta,none,xgboost,4,406.0,0.917653754456334,0.7154858691444058,0.7213314293485652
boruta,none,random_forest,4,406.0,0.9141098004187252,0.6914827719705768,0.697416249140387
boruta,none,logistic,4,406.0,0.9146488067658076,0.7764034068912117,0.7643524461560406
boruta,none,elasticnet,4,406.0,0.9131986191301988,0.7564653503677894,0.7463985166167451
boruta,none,svm,4,406.0,0.9101366768477016,0.7856368563685637,0.7681471306471307
boruta,none,mlp,4,406.0,0.8925620750165857,0.7260162601626016,0.6966679091070883
boruta,none,cnn,4,406.0,0.8552681441424693,0.6219318621757646,0.5706348826142639
boruta,pca100,xgboost,4,100.0,0.9150984475224228,0.7351335656213704,0.7474611635450796
boruta,pca100,random_forest,4,100.0,0.906816152888698,0.6815718157181573,0.6882285276073619
boruta,pca100,logistic,4,100.0,0.9144166533322792,0.7785907859078591,0.7578234522678967
boruta,pca100,elasticnet,4,100.0,0.9132756715269128,0.794463801780875,0.7689069885542404
boruta,pca100,svm,4,100.0,0.9190753628867512,0.7841463414634147,0.7660472168074507
boruta,pca100,mlp,4,100.0,0.8919425216270644,0.6675764614789005,0.6690853048046529
boruta,pca100,cnn,4,100.0,0.8773853622922013,0.699922570654278,0.6951658992046302
boruta,pca200,xgboost,4,200.0,0.907991627489018,0.7265969802555169,0.7401786887399816
boruta,pca200,random_forest,4,200.0,0.8926160896036164,0.6697638404955478,0.6757308911588588
boruta,pca200,logistic,4,200.0,0.9151875766006706,0.7819589624467674,0.7721696245772395
boruta,pca200,elasticnet,4,200.0,0.913102309884111,0.7605303910181959,0.7510235094305892
boruta,pca200,svm,4,200.0,0.9247615707331244,0.7937669376693767,0.7817204786293931
boruta,pca200,mlp,4,200.0,0.8836191271498963,0.7214479287650019,0.7287860121427436
boruta,pca200,cnn,4,200.0,0.8283808838379958,0.446031746031746,0.4045388091440723
boruta,pca300,xgboost,4,300.0,0.9128911291287052,0.6413859852884243,0.6345381526104418
boruta,pca300,random_forest,4,300.0,0.8870067924426981,0.655768486256291,0.6586067480521863
boruta,pca300,logistic,4,300.0,0.912544332021878,0.7660859465737514,0.7587182018746724
boruta,pca300,elasticnet,4,300.0,0.911093972921038,0.7937669376693767,0.7785400799646429
boruta,pca300,svm,4,300.0,0.9217949055720972,0.7778939217963609,0.7691459148474543
boruta,pca300,mlp,4,300.0,0.8905158310024796,0.6666860240030972,0.6684283355570794
boruta,pca300,cnn,4,300.0,0.8720910538690955,0.6212349980642663,0.6394576592964013
boruta,pls20,xgboost,4,20.0,0.906030413661606,0.7431668602400311,0.7521032344561757
boruta,pls20,random_forest,4,20.0,0.9190875915733402,0.7144018583042974,0.71917153884367
boruta,pls20,logistic,4,20.0,0.8940766489740234,0.7198606271777003,0.712328209304693
boruta,pls20,elasticnet,4,20.0,0.8914316647436973,0.7087495160665892,0.7014375504310527
boruta,pls20,svm,4,20.0,0.9211121238637852,0.7302748741773132,0.7284538926142577
boruta,pls20,mlp,4,20.0,0.8468528728297592,0.6603368176538909,0.6583653469289957
boruta,pls20,cnn,4,20.0,0.8686568986071265,0.6926829268292684,0.6573813357445583
boruta,pls30,xgboost,4,30.0,0.909378307892981,0.7302748741773132,0.7322985957132299
boruta,pls30,random_forest,4,30.0,0.90647231416984,0.6889082462253193,0.6907343674663741
boruta,pls30,logistic,4,30.0,0.8897257735279419,0.6969415408439797,0.6921163444561435
boruta,pls30,elasticnet,4,30.0,0.8873185839274554,0.6928765001935733,0.6881243284880796
boruta,pls30,svm,4,30.0,0.9166772394736146,0.7129113433991483,0.7148676690776222
boruta,pls30,mlp,4,30.0,0.8354617125265378,0.6569686411149825,0.6508799171842651
boruta,pls30,cnn,4,30.0,0.8844475584255913,0.6662795199380565,0.6687545735903271
chrom_hmm_E13E14,ae,xgboost,0,64.0,0.8617233293501348,0.6440090630414501,0.6301938301938302
chrom_hmm_E13E14,ae,random_forest,0,64.0,0.8688144943196517,0.6896707983473277,0.6661268556005399
chrom_hmm_E13E14,ae,logistic,0,64.0,0.9102606309494796,0.7470811675329868,0.6829836829836831
chrom_hmm_E13E14,ae,elasticnet,0,64.0,0.9076253325711712,0.7402172464347595,0.6747973414853007
chrom_hmm_E13E14,ae,svm,0,64.0,0.89708394672984,0.7276156204184993,0.6711243484735666
chrom_hmm_E13E14,ae,mlp,0,64.0,0.9092101177212232,0.7040450486472078,0.6108496548320091
chrom_hmm_E13E14,ae,cnn,0,64.0,0.8410652436924281,0.5021991203518593,0.3522297808012093
chrom_hmm_E13E14,ae_vae,xgboost,0,64.0,0.8789341984376389,0.7126616020258564,0.6926655052264808
chrom_hmm_E13E14,ae_vae,random_forest,0,64.0,0.8909019792705535,0.7711981873917099,0.7286545372172283
chrom_hmm_E13E14,ae_vae,logistic,0,64.0,0.8964097012071287,0.7385445821671333,0.6842906659832808
chrom_hmm_E13E14,ae_vae,elasticnet,0,64.0,0.8901408928906426,0.725942956150873,0.6790697937718301
chrom_hmm_E13E14,ae_vae,svm,0,64.0,0.8672540551553652,0.6668199386911903,0.630928597854236
chrom_hmm_E13E14,ae_vae,mlp,0,64.0,0.881293848991476,0.4590163934426229,0.4287859287859288
chrom_hmm_E13E14,ae_vae,cnn,0,64.0,0.8996024610031294,0.7314074370251898,0.6854067442144472
chrom_hmm_E13E14,chrom_hmm,xgboost,0,2.0,0.7210608151780701,0.5100892976142876,0.5102923171104989
chrom_hmm_E13E14,chrom_hmm,random_forest,0,2.0,0.7719090325486982,0.5301012928162069,0.5219073324336482
chrom_hmm_E13E14,chrom_hmm,logistic,0,2.0,0.7411359535930622,0.5103625216580034,0.5148364888123925
chrom_hmm_E13E14,chrom_hmm,elasticnet,0,2.0,0.763762923410045,0.5436958549913368,0.5438475665748393
chrom_hmm_E13E14,chrom_hmm,svm,0,2.0,0.8355961109351256,0.6718379314940691,0.6076025646216232
chrom_hmm_E13E14,chrom_hmm,mlp,0,2.0,0.8413198899519404,0.6442889510862321,0.6115613146955549
chrom_hmm_E13E14,chrom_hmm,cnn,0,2.0,0.8388420206669377,0.623057443689191,0.5548633191925302
chrom_hmm_E13E14,none,xgboost,0,126747.0,0.9250489784669575,0.6867786218845794,0.6932712311752832
chrom_hmm_E13E14,none,random_forest,0,126747.0,0.9341267913105844,0.7357856857257098,0.7321342572116566
chrom_hmm_E13E14,none,logistic,0,126747.0,0.9312498130994262,0.6796414767426363,0.686617920721967
chrom_hmm_E13E14,none,elasticnet,0,126747.0,0.9279645097810642,0.7105824336931894,0.7067652910104153
chrom_hmm_E13E14,none,svm,0,126747.0,0.9164891637384994,0.7433293349326936,0.7129890758209343
chrom_hmm_E13E14,none,mlp,0,126747.0,0.910128525439264,0.6860655737704918,0.6697930406004939
chrom_hmm_E13E14,none,cnn,0,,,,
chrom_hmm_E13E14,pca100,xgboost,0,100.0,0.902154519726576,0.7079168332666933,0.7045064843717079
chrom_hmm_E13E14,pca100,random_forest,0,100.0,0.9142744775355784,0.7051179528188724,0.7033038021410114
chrom_hmm_E13E14,pca100,logistic,0,100.0,0.9261735521252628,0.7450419832067173,0.7423371647509578
chrom_hmm_E13E14,pca100,elasticnet,0,100.0,0.9226225382838554,0.7579168332666933,0.7411729387896152
chrom_hmm_E13E14,pca100,svm,0,100.0,0.927881049877872,0.7916566706650673,0.7516502009255631
chrom_hmm_E13E14,pca100,mlp,0,100.0,0.910975444671378,0.7273823803811809,0.720928643720676
chrom_hmm_E13E14,pca100,cnn,0,100.0,0.8148102199567887,0.4489071038251366,0.4289304282255823
chrom_hmm_E13E14,pca200,xgboost,0,200.0,0.8981201950883358,0.7314474210315874,0.7266152079314377
chrom_hmm_E13E14,pca200,random_forest,0,200.0,0.9089426925405606,0.7205184592829535,0.7094422485726833
chrom_hmm_E13E14,pca200,logistic,0,200.0,0.9094404471504612,0.6593162734906038,0.6601846726714639
chrom_hmm_E13E14,pca200,elasticnet,0,200.0,0.9111299109711508,0.6857856857257097,0.6817378837552557
chrom_hmm_E13E14,pca200,svm,0,200.0,0.9264848574707636,0.7705184592829535,0.7468111786048328
chrom_hmm_E13E14,pca200,mlp,0,200.0,0.9170075325666684,0.7062441689990671,0.7139828904534786
chrom_hmm_E13E14,pca200,cnn,0,200.0,0.8362027066146727,0.6487604958016794,0.6054374167027344
chrom_hmm_E13E14,pca300,xgboost,0,300.0,0.9002569974476637,0.6861921897907504,0.6752689769199723
chrom_hmm_E13E14,pca300,random_forest,0,300.0,0.903611921168428,0.7525856324137011,0.7310183325189569
chrom_hmm_E13E14,pca300,logistic,0,300.0,0.9328001410953852,0.7212381713981074,0.730932237925245
chrom_hmm_E13E14,pca300,elasticnet,0,300.0,0.9278839373375416,0.7117086498733839,0.7152408651756761
chrom_hmm_E13E14,pca300,svm,0,300.0,0.9269834154218962,0.7831200852992136,0.7540655482563295
chrom_hmm_E13E14,pca300,mlp,0,300.0,0.9191387653980394,0.7103092096494735,0.710512040847811
chrom_hmm_E13E14,pca300,cnn,0,300.0,0.8451248551605794,0.6537185125949619,0.6588121587606177
chrom_hmm_E13E14,pls20,xgboost,0,20.0,0.9055805720837746,0.6296414767426363,0.63408885444918
chrom_hmm_E13E14,pls20,random_forest,0,20.0,0.8991846089880733,0.648833799813408,0.655806267110668
chrom_hmm_E13E14,pls20,logistic,0,20.0,0.926188238607454,0.6657736905237904,0.6757051828045743
chrom_hmm_E13E14,pls20,elasticnet,0,20.0,0.9194554330864512,0.6769758763161402,0.6846087973255605
chrom_hmm_E13E14,pls20,svm,0,20.0,0.9270438042786618,0.6987005197920831,0.714219525451516
chrom_hmm_E13E14,pls20,mlp,0,20.0,0.9279546398266232,0.6631080900972944,0.6730425643720442
chrom_hmm_E13E14,pls20,cnn,0,20.0,0.9203194651874004,0.6767026522724243,0.696405610753945
chrom_hmm_E13E14,pls30,xgboost,0,30.0,0.9043156782075594,0.6643742502998801,0.67498704998705
chrom_hmm_E13E14,pls30,random_forest,0,30.0,0.9016964522717776,0.6542982806877249,0.6606867283950617
chrom_hmm_E13E14,pls30,logistic,0,30.0,0.9303044490231052,0.6865053978408636,0.6983945031003854
chrom_hmm_E13E14,pls30,elasticnet,0,30.0,0.92798690857598,0.6755764360922297,0.6809840693688244
chrom_hmm_E13E14,pls30,svm,0,30.0,0.9344748014396496,0.6670398507263761,0.6807504873294347
chrom_hmm_E13E14,pls30,mlp,0,30.0,0.9288935082016542,0.6879048380647741,0.7009517136684768
chrom_hmm_E13E14,pls30,cnn,0,30.0,0.9207038686117645,0.6572371051579368,0.6701149425287355
chrom_hmm_E13E14,ae,xgboost,1,64.0,0.8503300162880231,0.6104417670682731,0.6096857774964975
chrom_hmm_E13E14,ae,random_forest,1,64.0,0.8342449408151538,0.6095046854082998,0.6084566173530588
chrom_hmm_E13E14,ae,logistic,1,64.0,0.8639914161364038,0.6372824631860777,0.6324697112573999
chrom_hmm_E13E14,ae,elasticnet,1,64.0,0.8639687236964696,0.6752342704149933,0.6589429548714554
chrom_hmm_E13E14,ae,svm,1,64.0,0.8552875816298439,0.6783132530120483,0.6489752780075361
chrom_hmm_E13E14,ae,mlp,1,64.0,0.8626241812930314,0.5933065595716198,0.4977824463118581
chrom_hmm_E13E14,ae,cnn,1,64.0,0.8556644210989749,0.6044846050870146,0.5678638059701493
chrom_hmm_E13E14,ae_vae,xgboost,1,64.0,0.8569748771263569,0.6403614457831325,0.6345670232002492
chrom_hmm_E13E14,ae_vae,random_forest,1,64.0,0.8519787145276969,0.6499330655957162,0.642421326368125
chrom_hmm_E13E14,ae_vae,logistic,1,64.0,0.866098018479876,0.6807898259705488,0.6587431387924275
chrom_hmm_E13E14,ae_vae,elasticnet,1,64.0,0.8711675440985887,0.6687416331994646,0.6436210656999618
chrom_hmm_E13E14,ae_vae,svm,1,64.0,0.8505650467531974,0.6474564926372155,0.6288267288267289
chrom_hmm_E13E14,ae_vae,mlp,1,64.0,0.866892250469277,0.4926372155287817,0.3374278454442511
chrom_hmm_E13E14,ae_vae,cnn,1,64.0,0.8124488085185243,0.5482597054886211,0.4976468064703359
chrom_hmm_E13E14,chrom_hmm,xgboost,1,2.0,0.7375218539989273,0.5002008032128514,0.4943136618490304
chrom_hmm_E13E14,chrom_hmm,random_forest,1,2.0,0.7721844736312802,0.5712182061579653,0.5617295403009689
chrom_hmm_E13E14,chrom_hmm,logistic,1,2.0,0.6248777205365695,0.4551539491298528,0.4571944826182114
chrom_hmm_E13E14,chrom_hmm,elasticnet,1,2.0,0.6411359425981019,0.4471218206157965,0.4475120882164839
chrom_hmm_E13E14,chrom_hmm,svm,1,2.0,0.817912041267112,0.6329317269076306,0.5933888327618027
chrom_hmm_E13E14,chrom_hmm,mlp,1,2.0,0.8351454372494844,0.6316599732262382,0.5404143475572047
chrom_hmm_E13E14,chrom_hmm,cnn,1,2.0,0.8371143523559009,0.5964524765729585,0.5537298067785872
chrom_hmm_E13E14,none,xgboost,1,126747.0,0.9152082030795916,0.7061579651941098,0.7224558452481077
chrom_hmm_E13E14,none,random_forest,1,126747.0,0.9091086634768644,0.7092369477911648,0.7287027899180726
chrom_hmm_E13E14,none,logistic,1,126747.0,0.9238076766749712,0.7203480589022758,0.7322475345167652
chrom_hmm_E13E14,none,elasticnet,1,126747.0,0.9184090947718272,0.7718875502008031,0.7747607349403757
chrom_hmm_E13E14,none,svm,1,126747.0,0.9026518696143798,0.6897590361445783,0.6820762873050455
chrom_hmm_E13E14,none,mlp,1,126747.0,0.806082054472217,0.5271753681392235,0.3610877488085225
chrom_hmm_E13E14,none,cnn,1,,,,
chrom_hmm_E13E14,pca100,xgboost,1,100.0,0.8994076777838037,0.7558232931726908,0.7500734377477266
chrom_hmm_E13E14,pca100,random_forest,1,100.0,0.8936060505856681,0.7447121820615797,0.7405959593012891
chrom_hmm_E13E14,pca100,logistic,1,100.0,0.9129426207330056,0.7512048192771085,0.7484714103339379
chrom_hmm_E13E14,pca100,elasticnet,1,100.0,0.922481826507151,0.7416331994645248,0.735963812637931
chrom_hmm_E13E14,pca100,svm,1,100.0,0.922020790746665,0.7795850066934404,0.772274746773836
chrom_hmm_E13E14,pca100,mlp,1,100.0,0.9135091932670596,0.7082998661311914,0.7141541074693037
chrom_hmm_E13E14,pca100,cnn,1,100.0,0.8861495396572598,0.6869477911646586,0.6607496037224524
chrom_hmm_E13E14,pca200,xgboost,1,200.0,0.8976672878401151,0.7329986613119144,0.7367700440788715
chrom_hmm_E13E14,pca200,random_forest,1,200.0,0.8988712698123155,0.8052208835341365,0.7951098141703996
chrom_hmm_E13E14,pca200,logistic,1,200.0,0.9149801482618186,0.7259036144578314,0.7323922282938676
chrom_hmm_E13E14,pca200,elasticnet,1,200.0,0.921080101972604,0.7329986613119144,0.7329986613119144
chrom_hmm_E13E14,pca200,svm,1,200.0,0.9218904961053166,0.7613788487282463,0.7555830796210049
chrom_hmm_E13E14,pca200,mlp,1,200.0,0.932269144925596,0.7410307898259706,0.7596258568774424
chrom_hmm_E13E14,pca200,cnn,1,200.0,0.7877908242833964,0.5233601070950469,0.3712889261276358
chrom_hmm_E13E14,pca300,xgboost,1,300.0,0.879887148794331,0.7042838018741633,0.7032953522471387
chrom_hmm_E13E14,pca300,random_forest,1,300.0,0.8975439529407829,0.7579651941097726,0.732869913466352
chrom_hmm_E13E14,pca300,logistic,1,300.0,0.9143675750822784,0.7076974564926372,0.7180720618751179
chrom_hmm_E13E14,pca300,elasticnet,1,300.0,0.92006072244258,0.7576974564926372,0.768738365459677
chrom_hmm_E13E14,pca300,svm,1,300.0,0.9235204424641786,0.7406961178045516,0.7356200841978867
chrom_hmm_E13E14,pca300,mlp,1,300.0,0.928420497342301,0.6981258366800537,0.7056878306878307
chrom_hmm_E13E14,pca300,cnn,1,300.0,0.8672681219821236,0.6588353413654618,0.6016389295186587
chrom_hmm_E13E14,pls20,xgboost,1,20.0,0.8655153258381706,0.6163319946452477,0.6066209055876687
chrom_hmm_E13E14,pls20,random_forest,1,20.0,0.8762464129948632,0.5851405622489959,0.5615559770727696
chrom_hmm_E13E14,pls20,logistic,1,20.0,0.9320425181841722,0.7546184738955825,0.7776686159844054
chrom_hmm_E13E14,pls20,elasticnet,1,20.0,0.932609019143994,0.7632530120481928,0.7793419913419912
chrom_hmm_E13E14,pls20,svm,1,20.0,0.9347425981564478,0.7348728246318608,0.7580269782464141
chrom_hmm_E13E14,pls20,mlp,1,20.0,0.9324778144874064,0.7237617135207497,0.7454753370882403
chrom_hmm_E13E14,pls20,cnn,1,20.0,0.8981219319080472,0.6950468540829986,0.7104483452593917
chrom_hmm_E13E14,pls30,xgboost,1,30.0,0.8648352263468065,0.6203480589022757,0.6106779585069678
chrom_hmm_E13E14,pls30,random_forest,1,30.0,0.8725591772344318,0.5906961178045516,0.5662870736113347
chrom_hmm_E13E14,pls30,logistic,1,30.0,0.9305491979459696,0.7617135207496654,0.7784014992451717
chrom_hmm_E13E14,pls30,elasticnet,1,30.0,0.92929804514639,0.7576974564926372,0.7709406343182433
chrom_hmm_E13E14,pls30,svm,1,30.0,0.9327761574734904,0.7404283801874163,0.7673797583529063
chrom_hmm_E13E14,pls30,mlp,1,30.0,0.9314281795069022,0.7323962516733601,0.754150940565518
chrom_hmm_E13E14,pls30,cnn,1,30.0,0.9094557229529155,0.6935073627844712,0.707303533418476
chrom_hmm_E13E14,ae,xgboost,2,64.0,0.8541848465367946,0.6219178995068639,0.626459496401693
chrom_hmm_E13E14,ae,random_forest,2,64.0,0.860032952487082,0.6123883779821405,0.6165667361601187
chrom_hmm_E13E14,ae,logistic,2,64.0,0.91059756916656,0.7654604824736772,0.7213146803839559
chrom_hmm_E13E14,ae,elasticnet,2,64.0,0.9012407238894422,0.7766626682660269,0.7253456221198157
chrom_hmm_E13E14,ae,svm,2,64.0,0.8841301483377987,0.7351992536318805,0.6998413507847471
chrom_hmm_E13E14,ae,mlp,2,64.0,0.8852253367468196,0.6443222710915634,0.6445673885936346
chrom_hmm_E13E14,ae,cnn,2,64.0,0.8798654185980301,0.6559709449553512,0.6652496457447695
chrom_hmm_E13E14,ae_vae,xgboost,2,64.0,0.8617494338875068,0.6478408636545382,0.6500346951166623
chrom_hmm_E13E14,ae_vae,random_forest,2,64.0,0.8371706036383957,0.6324403571904571,0.6367488443759631
chrom_hmm_E13E14,ae_vae,logistic,2,64.0,0.9046151280132196,0.7637878182060508,0.7316339066339066
chrom_hmm_E13E14,ae_vae,elasticnet,2,64.0,0.907929737287406,0.779055044648807,0.738658518841845
chrom_hmm_E13E14,ae_vae,svm,2,64.0,0.8536788235954319,0.6770691723310677,0.6557371129367157
chrom_hmm_E13E14,ae_vae,mlp,2,64.0,0.9124577280151652,0.453551912568306,0.4218488302987735
chrom_hmm_E13E14,ae_vae,cnn,2,64.0,0.8834486743853717,0.7063308010129282,0.6712644081065133
chrom_hmm_E13E14,chrom_hmm,xgboost,2,2.0,0.7616348488307548,0.6022324403571905,0.5730657834924345
chrom_hmm_E13E14,chrom_hmm,random_forest,2,2.0,0.7819464255372246,0.6061642009862721,0.5779206352048717
chrom_hmm_E13E14,chrom_hmm,logistic,2,2.0,0.7055022534629384,0.4464947354391577,0.4381798699416566
chrom_hmm_E13E14,chrom_hmm,elasticnet,2,2.0,0.7319979479773079,0.4505597760895641,0.4457801006581494
chrom_hmm_E13E14,chrom_hmm,svm,2,2.0,0.8345337516091437,0.6309609489537519,0.5966244511775122
chrom_hmm_E13E14,chrom_hmm,mlp,2,2.0,0.8409561417124406,0.6092829534852725,0.5929665572522715
chrom_hmm_E13E14,chrom_hmm,cnn,2,2.0,0.8358931032188526,0.6052645608423298,0.5361496863508545
chrom_hmm_E13E14,none,xgboost,2,126747.0,0.925979141008946,0.7321671331467413,0.7407047545018784
chrom_hmm_E13E14,none,random_forest,2,126747.0,0.9129552022551684,0.624310275889644,0.6261377072421076
chrom_hmm_E13E14,none,logistic,2,126747.0,0.9278604696884444,0.7168999067039851,0.7231784511784513
chrom_hmm_E13E14,none,elasticnet,2,126747.0,0.9245208468980398,0.7349660135945623,0.7304630128781072
chrom_hmm_E13E14,none,svm,2,126747.0,0.920890744886506,0.7757097161135545,0.7588277392435488
chrom_hmm_E13E14,none,mlp,2,126747.0,0.8945337236686056,0.5642409702785552,0.5381593714927049
chrom_hmm_E13E14,none,cnn,2,,,,
chrom_hmm_E13E14,pca100,xgboost,2,100.0,0.9046721857324416,0.717173130747701,0.7257462636588418
chrom_hmm_E13E14,pca100,random_forest,2,100.0,0.8799803232822182,0.667173130747701,0.6695488721804511
chrom_hmm_E13E14,pca100,logistic,2,100.0,0.922090083512312,0.7601692656270824,0.749732484076433
chrom_hmm_E13E14,pca100,elasticnet,2,100.0,0.925791257812175,0.7502332400373185,0.7476663655525444
chrom_hmm_E13E14,pca100,svm,2,100.0,0.9146956112947494,0.7049780087964814,0.6994861923027926
chrom_hmm_E13E14,pca100,mlp,2,100.0,0.9247324100053596,0.8030321204851393,0.7912581489656589
chrom_hmm_E13E14,pca100,cnn,2,100.0,0.9021980659146708,0.762208449953352,0.6950568910539259
chrom_hmm_E13E14,pca200,xgboost,2,200.0,0.9049971988967632,0.682440357190457,0.6860693584831515
chrom_hmm_E13E14,pca200,random_forest,2,200.0,0.848820052500149,0.6515926962548314,0.6441343833130736
chrom_hmm_E13E14,pca200,logistic,2,200.0,0.9231362760423032,0.7210982273757164,0.7248441009063219
chrom_hmm_E13E14,pca200,elasticnet,2,200.0,0.9273494701771756,0.7516326802612289,0.7480064378361663
chrom_hmm_E13E14,pca200,svm,2,200.0,0.918047135244962,0.7145075303212048,0.7118414634146341
chrom_hmm_E13E14,pca200,mlp,2,200.0,0.9226054964170176,0.7615687058509929,0.7553827444956477
chrom_hmm_E13E14,pca200,cnn,2,200.0,0.8787501476904147,0.6786018925763028,0.6515263873439624
chrom_hmm_E13E14,pca300,xgboost,2,300.0,0.8982991384635955,0.7059709449553512,0.7182344516135052
chrom_hmm_E13E14,pca300,random_forest,2,300.0,0.844003831669811,0.6767959482873517,0.6590793596443314
chrom_hmm_E13E14,pca300,logistic,2,300.0,0.9213678758360232,0.6989670798347327,0.6985956187822197
chrom_hmm_E13E14,pca300,elasticnet,2,300.0,0.9234338721137464,0.7475676396108223,0.7421431566337228
chrom_hmm_E13E14,pca300,svm,2,300.0,0.9158642809835928,0.735239237638278,0.7307310340184147
chrom_hmm_E13E14,pca300,mlp,2,300.0,0.9269394765907272,0.7958949753431961,0.792331627019974
chrom_hmm_E13E14,pca300,cnn,2,300.0,0.8190605852615557,0.5685259229641477,0.4612100456621005
chrom_hmm_E13E14,pls20,xgboost,2,20.0,0.9065564974772532,0.704025056644009,0.7237280484448115
chrom_hmm_E13E14,pls20,random_forest,2,20.0,0.8910936817012948,0.6666266826602693,0.6740315308246765
chrom_hmm_E13E14,pls20,logistic,2,20.0,0.9166371582299327,0.6625616420098628,0.6630007208320462
chrom_hmm_E13E14,pls20,elasticnet,2,20.0,0.9211773981897304,0.695894975343196,0.6993753129729563
chrom_hmm_E13E14,pls20,svm,2,20.0,0.9238815453229032,0.6570971611355457,0.6630685383980182
chrom_hmm_E13E14,pls20,mlp,2,20.0,0.9202980906758218,0.6890310542449686,0.6986875395319418
chrom_hmm_E13E14,pls20,cnn,2,20.0,0.9121810975000418,0.6652272424363588,0.6682084617718931
chrom_hmm_E13E14,pls30,xgboost,2,30.0,0.8993564994249689,0.7026256164200987,0.7264277180406212
chrom_hmm_E13E14,pls30,random_forest,2,30.0,0.8911188189126032,0.6680261228841796,0.6743755363837572
chrom_hmm_E13E14,pls30,logistic,2,30.0,0.9190097023470862,0.6737638278022123,0.6786174455260401
chrom_hmm_E13E14,pls30,elasticnet,2,30.0,0.9207939600270248,0.7237638278022125,0.7290218579528275
chrom_hmm_E13E14,pls30,svm,2,30.0,0.9235820806602952,0.6516326802612289,0.6583328919257729
chrom_hmm_E13E14,pls30,mlp,2,30.0,0.916856796579156,0.6611622017859523,0.663953216374269
chrom_hmm_E13E14,pls30,cnn,2,30.0,0.9220918930141124,0.6835665733706517,0.693562795585917
chrom_hmm_E13E14,ae,xgboost,3,64.0,0.8143533253027918,0.6334688346883469,0.6260554946616327
chrom_hmm_E13E14,ae,random_forest,3,64.0,0.8058528324685347,0.6227642276422765,0.6093292783166201
chrom_hmm_E13E14,ae,logistic,3,64.0,0.8660415071597555,0.6560975609756098,0.6251399665397637
chrom_hmm_E13E14,ae,elasticnet,3,64.0,0.8681170007985637,0.6520325203252032,0.6208109622107594
chrom_hmm_E13E14,ae,svm,3,64.0,0.8428714069314126,0.6575880758807588,0.6273609885260371
chrom_hmm_E13E14,ae,mlp,3,64.0,0.8557686680153186,0.6579945799457995,0.6184422554893922
chrom_hmm_E13E14,ae,cnn,3,64.0,0.8179925058881906,0.5948509485094852,0.5904307565351065
chrom_hmm_E13E14,ae_vae,xgboost,3,64.0,0.834288026634754,0.663821138211382,0.6609290690402432
chrom_hmm_E13E14,ae_vae,random_forest,3,64.0,0.8261166980628657,0.6556910569105691,0.6493459837877671
chrom_hmm_E13E14,ae_vae,logistic,3,64.0,0.8642213555524122,0.6768292682926829,0.640999289802398
chrom_hmm_E13E14,ae_vae,elasticnet,3,64.0,0.8649528607962136,0.6697831978319785,0.6410916687350046
chrom_hmm_E13E14,ae_vae,svm,3,64.0,0.8068927941419707,0.621680216802168,0.5968860950388954
chrom_hmm_E13E14,ae_vae,mlp,3,64.0,0.834235436130252,0.4681571815718157,0.4404188074933348
chrom_hmm_E13E14,ae_vae,cnn,3,64.0,0.836259653676349,0.635230352303523,0.6516986612781005
chrom_hmm_E13E14,chrom_hmm,xgboost,3,2.0,0.7431378068613604,0.5220867208672088,0.5072259669943532
chrom_hmm_E13E14,chrom_hmm,random_forest,3,2.0,0.7257842430933975,0.5535230352303523,0.5337570958671547
chrom_hmm_E13E14,chrom_hmm,logistic,3,2.0,0.6825253255812038,0.4317073170731706,0.4321789321789322
chrom_hmm_E13E14,chrom_hmm,elasticnet,3,2.0,0.6992596259848266,0.4372628726287262,0.4376018971394694
chrom_hmm_E13E14,chrom_hmm,svm,3,2.0,0.831376277084367,0.5772357723577236,0.5382284382284382
chrom_hmm_E13E14,chrom_hmm,mlp,3,2.0,0.8188459427054916,0.5467479674796748,0.5416836289619075
chrom_hmm_E13E14,chrom_hmm,cnn,3,2.0,0.8228453984173921,0.5563685636856368,0.4704997287163832
chrom_hmm_E13E14,none,xgboost,3,126747.0,0.8866441401744866,0.6386178861788618,0.6402345244322307
chrom_hmm_E13E14,none,random_forest,3,126747.0,0.8617042335847275,0.6275067750677507,0.6278943278943279
chrom_hmm_E13E14,none,logistic,3,126747.0,0.8934202229691448,0.6937669376693766,0.6979485386251713
chrom_hmm_E13E14,none,elasticnet,3,126747.0,0.8821474766287293,0.6775067750677507,0.6744235123681764
chrom_hmm_E13E14,none,svm,3,126747.0,0.8576133069739976,0.6571815718157181,0.639699767783491
chrom_hmm_E13E14,none,mlp,3,126747.0,0.8533559599266249,0.6703252032520326,0.5864128998149617
chrom_hmm_E13E14,none,cnn,3,,,,
chrom_hmm_E13E14,pca100,xgboost,3,100.0,0.8688848277774411,0.67710027100271,0.6765294307840257
chrom_hmm_E13E14,pca100,random_forest,3,100.0,0.8443597865021042,0.6911924119241193,0.6893467722939214
chrom_hmm_E13E14,pca100,logistic,3,100.0,0.8987600933728199,0.720460704607046,0.7039766081871345
chrom_hmm_E13E14,pca100,elasticnet,3,100.0,0.8867014410443744,0.7063685636856368,0.6948776261641759
chrom_hmm_E13E14,pca100,svm,3,100.0,0.8556294806941441,0.65420054200542,0.6428682977615825
chrom_hmm_E13E14,pca100,mlp,3,100.0,0.8743345521345299,0.662330623306233,0.6610215053763441
chrom_hmm_E13E14,pca100,cnn,3,100.0,0.8313564767103071,0.5841463414634146,0.5729206113632069
chrom_hmm_E13E14,pca200,xgboost,3,200.0,0.8598902377279779,0.6734417344173442,0.6697999326058302
chrom_hmm_E13E14,pca200,random_forest,3,200.0,0.8276094278220468,0.6527100271002709,0.6417024863042563
chrom_hmm_E13E14,pca200,logistic,3,200.0,0.8913654044197165,0.6523035230352304,0.6522981184227796
chrom_hmm_E13E14,pca200,elasticnet,3,200.0,0.8826489504538789,0.6911924119241193,0.6856443942333513
chrom_hmm_E13E14,pca200,svm,3,200.0,0.8538109802873781,0.6401084010840109,0.6328277483833039
chrom_hmm_E13E14,pca200,mlp,3,200.0,0.8675386502553234,0.610840108401084,0.6094541746715659
chrom_hmm_E13E14,pca200,cnn,3,200.0,0.7922478658817242,0.6291327913279133,0.570755540536735
chrom_hmm_E13E14,pca300,xgboost,3,300.0,0.8558557279165723,0.7174796747967479,0.7130230880230881
chrom_hmm_E13E14,pca300,random_forest,3,300.0,0.8325429929596174,0.6930894308943089,0.6745201887441503
chrom_hmm_E13E14,pca300,logistic,3,300.0,0.892071061124171,0.667479674796748,0.6695216650182032
chrom_hmm_E13E14,pca300,elasticnet,3,300.0,0.8878428603396777,0.6982384823848239,0.6932270852392187
chrom_hmm_E13E14,pca300,svm,3,300.0,0.8604687566656114,0.651219512195122,0.6450192817959289
chrom_hmm_E13E14,pca300,mlp,3,300.0,0.8727953361675981,0.6800813008130081,0.6792680838980963
chrom_hmm_E13E14,pca300,cnn,3,300.0,0.774593762559415,0.5093495934959349,0.467000835421888
chrom_hmm_E13E14,pls20,xgboost,3,20.0,0.8441237279674647,0.6300813008130081,0.6345940880824602
chrom_hmm_E13E14,pls20,random_forest,3,20.0,0.8267978814488504,0.6304878048780488,0.6324952745325773
chrom_hmm_E13E14,pls20,logistic,3,20.0,0.8838593459636611,0.6715447154471544,0.6793651913450148
chrom_hmm_E13E14,pls20,elasticnet,3,20.0,0.8758706364335115,0.6867208672086721,0.6891390121891073
chrom_hmm_E13E14,pls20,svm,3,20.0,0.8920041056424096,0.6659891598915989,0.6752151177595774
chrom_hmm_E13E14,pls20,mlp,3,20.0,0.8832932788558762,0.6700542005420055,0.676797385620915
chrom_hmm_E13E14,pls20,cnn,3,20.0,0.8787573840941393,0.667479674796748,0.672900329972642
chrom_hmm_E13E14,pls30,xgboost,3,30.0,0.8423495386742047,0.6300813008130081,0.6345940880824602
chrom_hmm_E13E14,pls30,random_forest,3,30.0,0.8248534150195824,0.6415989159891599,0.6457617651166038
chrom_hmm_E13E14,pls30,logistic,3,30.0,0.8796942696884852,0.6604336043360434,0.6656992580069504
chrom_hmm_E13E14,pls30,elasticnet,3,30.0,0.8774155988591094,0.6811653116531166,0.6825820844247491
chrom_hmm_E13E14,pls30,svm,3,30.0,0.8883268538912951,0.6659891598915989,0.6757661854164255
chrom_hmm_E13E14,pls30,mlp,3,30.0,0.8863424335534434,0.6700542005420055,0.6790910867518255
chrom_hmm_E13E14,pls30,cnn,3,30.0,0.8866945134861456,0.6745257452574526,0.6814464911818591
chrom_hmm_E13E14,ae,xgboost,4,64.0,0.8616950087518148,0.7010259388308168,0.6922740161510846
chrom_hmm_E13E14,ae,random_forest,4,64.0,0.857567466916764,0.711343399148277,0.7007604076161996
chrom_hmm_E13E14,ae,logistic,4,64.0,0.8712543030493912,0.7588656600851723,0.7117916865742954
chrom_hmm_E13E14,ae,elasticnet,4,64.0,0.8634064978319019,0.7573751451800232,0.7100866211977322
chrom_hmm_E13E14,ae,svm,4,64.0,0.8606151574876386,0.7389276035617499,0.6945404913557779
chrom_hmm_E13E14,ae,mlp,4,64.0,0.8689563145471378,0.7607433217189313,0.7229760226603398
chrom_hmm_E13E14,ae,cnn,4,64.0,0.8570956359710434,0.6544909020518777,0.6561496959351759
chrom_hmm_E13E14,ae_vae,xgboost,4,64.0,0.8654825560126178,0.7102400309717383,0.7117466303512815
chrom_hmm_E13E14,ae_vae,random_forest,4,64.0,0.8811642789892997,0.6737320944638018,0.6813615234667866
chrom_hmm_E13E14,ae_vae,logistic,4,64.0,0.8620221799031521,0.7215640727835849,0.6821208059863043
chrom_hmm_E13E14,ae_vae,elasticnet,4,64.0,0.8676711318546199,0.7230545876887341,0.6841009309162175
chrom_hmm_E13E14,ae_vae,svm,4,64.0,0.8667069943283517,0.6499419279907085,0.6313841159854551
chrom_hmm_E13E14,ae_vae,mlp,4,64.0,0.8082278739319305,0.3777777777777777,0.3090924133366426
chrom_hmm_E13E14,ae_vae,cnn,4,64.0,0.8243612478475256,0.3722222222222222,0.2993436180442326
chrom_hmm_E13E14,chrom_hmm,xgboost,4,2.0,0.7329892897189154,0.5530391018195896,0.5324924251680297
chrom_hmm_E13E14,chrom_hmm,random_forest,4,2.0,0.731165989573114,0.5101819589624468,0.4989441027176876
chrom_hmm_E13E14,chrom_hmm,logistic,4,2.0,0.6606120202327092,0.4604529616724739,0.4522404462718383
chrom_hmm_E13E14,chrom_hmm,elasticnet,4,2.0,0.678410863881776,0.4508323654665118,0.4466494290023702
chrom_hmm_E13E14,chrom_hmm,svm,4,2.0,0.7883130549178352,0.5714672861014325,0.5526655870180432
chrom_hmm_E13E14,chrom_hmm,mlp,4,2.0,0.8261469048065995,0.6195702671312427,0.605839924956901
chrom_hmm_E13E14,chrom_hmm,cnn,4,2.0,0.8077085302548773,0.5515873015873015,0.44978307429158
chrom_hmm_E13E14,none,xgboost,4,126747.0,0.925360817796255,0.7343399148277197,0.7476629171544426
chrom_hmm_E13E14,none,random_forest,4,126747.0,0.8980835431566802,0.67710027100271,0.6852584096953241
chrom_hmm_E13E14,none,logistic,4,126747.0,0.9190466392743066,0.7273906310491677,0.7439212787849803
chrom_hmm_E13E14,none,elasticnet,4,126747.0,0.9136327514497472,0.7557684862562911,0.759651369407467
chrom_hmm_E13E14,none,svm,4,126747.0,0.8943312445495698,0.7402051877661634,0.7285076553492993
chrom_hmm_E13E14,none,mlp,4,126747.0,0.816273991532339,0.4548974061169183,0.3944526421590642
chrom_hmm_E13E14,none,cnn,4,,,,
chrom_hmm_E13E14,pca100,xgboost,4,100.0,0.9108599333699638,0.7483352690669763,0.7428422152560082
chrom_hmm_E13E14,pca100,random_forest,4,100.0,0.8786058159775175,0.7136082075106466,0.7128598653445488
chrom_hmm_E13E14,pca100,logistic,4,100.0,0.9052142154351088,0.7305845915602013,0.7145186684660368
chrom_hmm_E13E14,pca100,elasticnet,4,100.0,0.9104146434578152,0.7290940766550523,0.7145305407206037
chrom_hmm_E13E14,pca100,svm,4,100.0,0.9087549355051228,0.7642082849399922,0.7515821480107195
chrom_hmm_E13E14,pca100,mlp,4,100.0,0.886979265312482,0.6915021293070073,0.6870615961734231
chrom_hmm_E13E14,pca100,cnn,4,100.0,0.8900890003175647,0.627409988385598,0.6101734646038444
chrom_hmm_E13E14,pca200,xgboost,4,200.0,0.9043850506529176,0.7162020905923345,0.7094351466183956
chrom_hmm_E13E14,pca200,random_forest,4,200.0,0.8766657674202504,0.7162020905923345,0.7077852538845447
chrom_hmm_E13E14,pca200,logistic,4,200.0,0.9044418303496412,0.7228416569879985,0.7223356014514676
chrom_hmm_E13E14,pca200,elasticnet,4,200.0,0.9117929054973268,0.7704607046070461,0.7525316249524948
chrom_hmm_E13E14,pca200,svm,4,200.0,0.9105113966116036,0.7793844367015099,0.7721442597238687
chrom_hmm_E13E14,pca200,mlp,4,200.0,0.8816389255823504,0.6738482384823848,0.6673270697167757
chrom_hmm_E13E14,pca200,cnn,4,200.0,0.890786718520027,0.6033875338753387,0.5619604566972988
chrom_hmm_E13E14,pca300,xgboost,4,300.0,0.9075752163805438,0.7332559039876113,0.7391137096055128
chrom_hmm_E13E14,pca300,random_forest,4,300.0,0.8635939780532308,0.732481610530391,0.7142104153489353
chrom_hmm_E13E14,pca300,logistic,4,300.0,0.9157653507071908,0.7605303910181959,0.7676090291474907
chrom_hmm_E13E14,pca300,elasticnet,4,300.0,0.9172214899215708,0.7483352690669763,0.7456991156027866
chrom_hmm_E13E14,pca300,svm,4,300.0,0.9125842892049412,0.7834494773519164,0.7804288655889801
chrom_hmm_E13E14,pca300,mlp,4,300.0,0.8897526678838091,0.68931475029036,0.6911574737661694
chrom_hmm_E13E14,pca300,cnn,4,300.0,0.8696894336044204,0.7194928377855208,0.6961568627450981
chrom_hmm_E13E14,pls20,xgboost,4,20.0,0.905912287352011,0.6767905536198219,0.6884830183778168
chrom_hmm_E13E14,pls20,random_forest,4,20.0,0.8735721749500716,0.6598335269066976,0.6690161368015414
chrom_hmm_E13E14,pls20,logistic,4,20.0,0.9227099308091616,0.6956445993031358,0.7073193737030748
chrom_hmm_E13E14,pls20,elasticnet,4,20.0,0.920442696346116,0.7591366627951993,0.7744008714596949
chrom_hmm_E13E14,pls20,svm,4,20.0,0.922491858602386,0.7100271002710027,0.7262931034482759
chrom_hmm_E13E14,pls20,mlp,4,20.0,0.9121308478807856,0.7005032907471932,0.7105043887057977
chrom_hmm_E13E14,pls20,cnn,4,20.0,0.9087975004498536,0.6845334881920248,0.7060712511532183
chrom_hmm_E13E14,pls30,xgboost,4,30.0,0.9073069856427406,0.6609175377468061,0.6683633520541931
chrom_hmm_E13E14,pls30,random_forest,4,30.0,0.879101563774087,0.6583430120015485,0.6679844329803603
chrom_hmm_E13E14,pls30,logistic,4,30.0,0.9193721044985472,0.6900890437475803,0.7028343364624442
chrom_hmm_E13E14,pls30,elasticnet,4,30.0,0.9209439324516162,0.7432636469221835,0.7583026599069379
chrom_hmm_E13E14,pls30,svm,4,30.0,0.9214495410675728,0.7147890050329074,0.7285672182223907
chrom_hmm_E13E14,pls30,mlp,4,30.0,0.914345364775104,0.6956445993031358,0.7077806036875072
chrom_hmm_E13E14,pls30,cnn,4,30.0,0.910753724335118,0.6742160278745644,0.6867153980613381
chrom_hmm_E1E2,ae,xgboost,0,64.0,0.7611065157116018,0.534073037451686,0.5375827237896204
chrom_hmm_E1E2,ae,random_forest,0,64.0,0.7695239933153264,0.5483473277355725,0.548501985874348
chrom_hmm_E1E2,ae,logistic,0,64.0,0.874288722045567,0.6816806610689058,0.6455758463040017
chrom_hmm_E1E2,ae,elasticnet,0,64.0,0.8611509782924877,0.6530920964947354,0.6136488717666483
chrom_hmm_E1E2,ae,svm,0,64.0,0.7489073855656635,0.5223777155804344,0.5102251030047231
chrom_hmm_E1E2,ae,mlp,0,64.0,0.8412107910177964,0.5413567906170865,0.5330634164565238
chrom_hmm_E1E2,ae,cnn,0,64.0,0.8100997356523904,0.4930694388911102,0.3118296325152577
chrom_hmm_E1E2,ae_vae,xgboost,0,64.0,0.8031352319000659,0.5371451419432227,0.5380405035577449
chrom_hmm_E1E2,ae_vae,random_forest,0,64.0,0.8005411848359637,0.5368719178995068,0.5376257814328218
chrom_hmm_E1E2,ae_vae,logistic,0,64.0,0.8370152168508644,0.6150139944022391,0.6016826574382991
chrom_hmm_E1E2,ae_vae,elasticnet,0,64.0,0.8431588043464862,0.6357457017193123,0.6174027885239588
chrom_hmm_E1E2,ae_vae,svm,0,64.0,0.6963767484289994,0.5292416366786619,0.5191501370746653
chrom_hmm_E1E2,ae_vae,mlp,0,64.0,0.8693254862670755,0.67536318805811,0.6180457238739447
chrom_hmm_E1E2,ae_vae,cnn,0,64.0,0.8671733816913653,0.6605024656803945,0.6026035834266518
chrom_hmm_E1E2,chrom_hmm,xgboost,0,2.0,0.64668046671363,0.4463148074103691,0.4540799926527989
chrom_hmm_E1E2,chrom_hmm,random_forest,0,2.0,0.6755825120085953,0.481907237105158,0.4844372222723761
chrom_hmm_E1E2,chrom_hmm,logistic,0,2.0,0.642397333648807,0.46781287485006,0.4473173884938591
chrom_hmm_E1E2,chrom_hmm,elasticnet,0,2.0,0.656580990323441,0.475942956150873,0.4538197003193318
chrom_hmm_E1E2,chrom_hmm,svm,0,2.0,0.7171481919900199,0.5415767026522724,0.5261335127251262
chrom_hmm_E1E2,chrom_hmm,mlp,0,2.0,0.7178751571723794,0.4988537918166066,0.4856856233568562
chrom_hmm_E1E2,chrom_hmm,cnn,0,2.0,0.7199000270831668,0.5315140610422499,0.4963008580878705
chrom_hmm_E1E2,none,xgboost,0,130532.0,0.9267571926358084,0.7153671864587499,0.7364070773601963
chrom_hmm_E1E2,none,random_forest,0,130532.0,0.9062844415652964,0.6593162734906038,0.6706659542429688
chrom_hmm_E1E2,none,logistic,0,130532.0,0.92709083629931,0.7017726242836199,0.7108344449384912
chrom_hmm_E1E2,none,elasticnet,0,130532.0,0.9285974475060932,0.7038517926162867,0.6993294885769759
chrom_hmm_E1E2,none,svm,0,130532.0,0.90409738977619,0.7490670398507263,0.7115600448933783
chrom_hmm_E1E2,none,mlp,0,130532.0,0.8903357860963054,0.6129681460749034,0.6028209009982689
chrom_hmm_E1E2,none,cnn,0,,,,
chrom_hmm_E1E2,pca100,xgboost,0,100.0,0.8921460185945241,0.7357856857257098,0.7235162180814355
chrom_hmm_E1E2,pca100,random_forest,0,100.0,0.8844947501241847,0.7085965613754498,0.6929292929292931
chrom_hmm_E1E2,pca100,logistic,0,100.0,0.909036031078848,0.7566506730641076,0.735108312069059
chrom_hmm_E1E2,pca100,elasticnet,0,100.0,0.9113803931564408,0.7566506730641076,0.735108312069059
chrom_hmm_E1E2,pca100,svm,0,100.0,0.9038731174467728,0.6973943755831001,0.6822229317440045
chrom_hmm_E1E2,pca100,mlp,0,100.0,0.9181961235951404,0.7495135279221644,0.7435866038572415
chrom_hmm_E1E2,pca100,cnn,0,100.0,0.8283873936480867,0.5995601759296282,0.5671529724671599
chrom_hmm_E1E2,pca200,xgboost,0,200.0,0.9040495685097976,0.708323337331734,0.697527406024138
chrom_hmm_E1E2,pca200,random_forest,0,200.0,0.8833141445190743,0.717539650806344,0.6775446775446775
chrom_hmm_E1E2,pca200,logistic,0,200.0,0.9234523175052844,0.7007796881247502,0.6982992502698445
chrom_hmm_E1E2,pca200,elasticnet,0,200.0,0.9224840410371428,0.7021791283486606,0.7016376507010782
chrom_hmm_E1E2,pca200,svm,0,200.0,0.907466618064209,0.7235905637744903,0.7093158365497656
chrom_hmm_E1E2,pca200,mlp,0,200.0,0.913980269118998,0.6922431027588964,0.7017879948914431
chrom_hmm_E1E2,pca200,cnn,0,200.0,0.8414312939466276,0.5896774623483939,0.5877138626550699
chrom_hmm_E1E2,pca300,xgboost,0,300.0,0.8883642182442922,0.7637878182060508,0.7430576603153435
chrom_hmm_E1E2,pca300,random_forest,0,300.0,0.8709941524251095,0.6649673463947754,0.6042124312224105
chrom_hmm_E1E2,pca300,logistic,0,300.0,0.9254566369405404,0.7089097694255632,0.7126617752752055
chrom_hmm_E1E2,pca300,elasticnet,0,300.0,0.921007393180746,0.7089097694255632,0.7122171945701358
chrom_hmm_E1E2,pca300,svm,0,300.0,0.9078894081530936,0.7069238971078234,0.7003491756349461
chrom_hmm_E1E2,pca300,mlp,0,300.0,0.9235298988966149,0.76437425029988,0.7643227309466076
chrom_hmm_E1E2,pca300,cnn,0,300.0,0.8075030737654577,0.5750766360122618,0.5696146381077888
chrom_hmm_E1E2,pls20,xgboost,0,20.0,0.8787162765566175,0.6991070238571239,0.7226779313876088
chrom_hmm_E1E2,pls20,random_forest,0,20.0,0.8560092437642072,0.6531720645075303,0.6625781286714602
chrom_hmm_E1E2,pls20,logistic,0,20.0,0.9212022559618162,0.6796414767426363,0.6913301370705022
chrom_hmm_E1E2,pls20,elasticnet,0,20.0,0.9188816357269236,0.6741769958683194,0.6838603425559947
chrom_hmm_E1E2,pls20,svm,0,20.0,0.921735943318552,0.6632480341196855,0.6699114368605894
chrom_hmm_E1E2,pls20,mlp,0,20.0,0.917297799526346,0.6810409169665467,0.6932893847194049
chrom_hmm_E1E2,pls20,cnn,0,20.0,0.9013146811330808,0.6351059576169532,0.648040794417606
chrom_hmm_E1E2,pls30,xgboost,0,30.0,0.8700011269891813,0.6755764360922297,0.6917372881355931
chrom_hmm_E1E2,pls30,random_forest,0,30.0,0.8588073223598752,0.6422431027588965,0.652378328741965
chrom_hmm_E1E2,pls30,logistic,0,30.0,0.9225470648869916,0.6796414767426363,0.691909777912639
chrom_hmm_E1E2,pls30,elasticnet,0,30.0,0.9188698233026904,0.6741769958683194,0.6838603425559947
chrom_hmm_E1E2,pls30,svm,0,30.0,0.9230298957604114,0.6687125149940023,0.6771022559983112
chrom_hmm_E1E2,pls30,mlp,0,30.0,0.9148775674492186,0.6796414767426363,0.6925476281583006
chrom_hmm_E1E2,pls30,cnn,0,30.0,0.9167757887830644,0.646308143409303,0.6569462100099415
chrom_hmm_E1E2,ae,xgboost,1,64.0,0.7688571983182464,0.5156626506024096,0.5216601989384005
chrom_hmm_E1E2,ae,random_forest,1,64.0,0.7583879075493591,0.4989959839357429,0.5078118481435127
chrom_hmm_E1E2,ae,logistic,1,64.0,0.8568703117173698,0.6499330655957162,0.6395359863908645
chrom_hmm_E1E2,ae,elasticnet,1,64.0,0.8502450554020914,0.6363453815261044,0.6238431613431614
chrom_hmm_E1E2,ae,svm,1,64.0,0.7357035708407214,0.5582329317269076,0.5545893070991281
chrom_hmm_E1E2,ae,mlp,1,64.0,0.7989681097486104,0.5943105756358769,0.5717814141954644
chrom_hmm_E1E2,ae,cnn,1,64.0,0.8443281567667461,0.581124497991968,0.572922502334267
chrom_hmm_E1E2,ae_vae,xgboost,1,64.0,0.8021205831768471,0.577710843373494,0.5764141469471223
chrom_hmm_E1E2,ae_vae,random_forest,1,64.0,0.7927791404148287,0.5801874163319947,0.5804043009475056
chrom_hmm_E1E2,ae_vae,logistic,1,64.0,0.8632532858480338,0.667536813922356,0.6597169907360277
chrom_hmm_E1E2,ae_vae,elasticnet,1,64.0,0.8619662959439541,0.6524096385542169,0.6467024660995916
chrom_hmm_E1E2,ae_vae,svm,1,64.0,0.7319247853886409,0.5301204819277109,0.5221937694589266
chrom_hmm_E1E2,ae_vae,mlp,1,64.0,0.8538559367939996,0.6545515394912985,0.6295945546019533
chrom_hmm_E1E2,ae_vae,cnn,1,64.0,0.8454683570091804,0.6406291834002676,0.605958881188239
chrom_hmm_E1E2,chrom_hmm,xgboost,1,2.0,0.6834921599630922,0.5178045515394913,0.5082047685834502
chrom_hmm_E1E2,chrom_hmm,random_forest,1,2.0,0.6783153928543739,0.5242971887550201,0.5152672692897255
chrom_hmm_E1E2,chrom_hmm,logistic,1,2.0,0.6231922564315241,0.4761713520749666,0.4551764470504948
chrom_hmm_E1E2,chrom_hmm,elasticnet,1,2.0,0.673621595031994,0.4842034805890227,0.4581106783805815
chrom_hmm_E1E2,chrom_hmm,svm,1,2.0,0.7650435721204231,0.5727576974564926,0.5564819263671371
chrom_hmm_E1E2,chrom_hmm,mlp,1,2.0,0.7531589866833756,0.5931726907630522,0.5837964564356816
chrom_hmm_E1E2,chrom_hmm,cnn,1,2.0,0.7476664062273489,0.6125836680053548,0.5922418517522096
chrom_hmm_E1E2,none,xgboost,1,130532.0,0.9179194281823244,0.7132530120481927,0.7288247500471609
chrom_hmm_E1E2,none,random_forest,1,130532.0,0.9090662023475804,0.7076974564926372,0.7276301739840463
chrom_hmm_E1E2,none,logistic,1,130532.0,0.9160631107042968,0.7299196787148595,0.7368321913776459
chrom_hmm_E1E2,none,elasticnet,1,130532.0,0.9125185786257256,0.7385542168674699,0.7486494549627078
chrom_hmm_E1E2,none,svm,1,130532.0,0.8939586587688705,0.6724899598393574,0.6746949771618138
chrom_hmm_E1E2,none,mlp,1,130532.0,0.8945637927726476,0.7113788487282463,0.6716397600542181
chrom_hmm_E1E2,none,cnn,1,,,,
chrom_hmm_E1E2,pca100,xgboost,1,100.0,0.880683221263991,0.6311244979919679,0.6300178667527715
chrom_hmm_E1E2,pca100,random_forest,1,100.0,0.881620418238005,0.6740294511378849,0.6760784812272226
chrom_hmm_E1E2,pca100,logistic,1,100.0,0.9040487327816256,0.7456492637215529,0.7354789103017715
chrom_hmm_E1E2,pca100,elasticnet,1,100.0,0.9043464270552234,0.724966532797858,0.7172529896667829
chrom_hmm_E1E2,pca100,svm,1,100.0,0.8950104171182659,0.6795850066934405,0.6749059913982324
chrom_hmm_E1E2,pca100,mlp,1,100.0,0.9076931188669404,0.7203480589022758,0.7269277474195507
chrom_hmm_E1E2,pca100,cnn,1,100.0,0.8725946411304348,0.7079651941097724,0.6668300653594771
chrom_hmm_E1E2,pca200,xgboost,1,200.0,0.8702909574341905,0.6700133868808568,0.6657146174387555
chrom_hmm_E1E2,pca200,random_forest,1,200.0,0.8540928230767686,0.6474564926372155,0.6294448086900918
chrom_hmm_E1E2,pca200,logistic,1,200.0,0.9084526521229644,0.6885542168674698,0.6905255430323445
chrom_hmm_E1E2,pca200,elasticnet,1,200.0,0.9124477837572936,0.699665327978581,0.7027433834148274
chrom_hmm_E1E2,pca200,svm,1,200.0,0.901027974118394,0.7012048192771085,0.7032787473963945
chrom_hmm_E1E2,pca200,mlp,1,200.0,0.8995964326675522,0.7576974564926373,0.7638068251386191
chrom_hmm_E1E2,pca200,cnn,1,200.0,0.8363628785856531,0.6233601070950469,0.5739810817944199
chrom_hmm_E1E2,pca300,xgboost,1,300.0,0.8597362235053779,0.6625836680053548,0.6493967792669092
chrom_hmm_E1E2,pca300,random_forest,1,300.0,0.8563405135694292,0.6461847389558233,0.6138967401545129
chrom_hmm_E1E2,pca300,logistic,1,300.0,0.9101071007273488,0.7218875502008032,0.7242602853172829
chrom_hmm_E1E2,pca300,elasticnet,1,300.0,0.9159049748226844,0.7441097724230255,0.7468082623409966
chrom_hmm_E1E2,pca300,svm,1,300.0,0.9051527164625188,0.7329986613119144,0.7403134226663638
chrom_hmm_E1E2,pca300,mlp,1,300.0,0.908795789217476,0.7107764390896921,0.7285456187895213
chrom_hmm_E1E2,pca300,cnn,1,300.0,0.884231421805992,0.7008701472556894,0.6800065150116726
chrom_hmm_E1E2,pls20,xgboost,1,20.0,0.8739567328539722,0.685475234270415,0.6969404952864232
chrom_hmm_E1E2,pls20,random_forest,1,20.0,0.8618923841881205,0.6814591700133869,0.7049223416965352
chrom_hmm_E1E2,pls20,logistic,1,20.0,0.9099676377676728,0.6839357429718875,0.693567676352016
chrom_hmm_E1E2,pls20,elasticnet,1,20.0,0.9091835306918942,0.678380187416332,0.6870171471641228
chrom_hmm_E1E2,pls20,svm,1,20.0,0.9063838886902988,0.7101740294511378,0.7284756399669693
chrom_hmm_E1E2,pls20,mlp,1,20.0,0.917131650370918,0.7228246318607764,0.7423905533572012
chrom_hmm_E1E2,pls20,cnn,1,20.0,0.9029519201571488,0.6546184738955824,0.6554717432950191
chrom_hmm_E1E2,pls30,xgboost,1,30.0,0.8706307112261026,0.6481258366800535,0.6551179225202214
chrom_hmm_E1E2,pls30,random_forest,1,30.0,0.8583306424830287,0.6314591700133869,0.6322370048571515
chrom_hmm_E1E2,pls30,logistic,1,30.0,0.9119975659307744,0.6950468540829986,0.7087676425897206
chrom_hmm_E1E2,pls30,elasticnet,1,30.0,0.9102866452571096,0.6950468540829986,0.7066879010096502
chrom_hmm_E1E2,pls30,svm,1,30.0,0.9091149682578504,0.7086345381526105,0.7257409518381305
chrom_hmm_E1E2,pls30,mlp,1,30.0,0.911501170227337,0.7172690763052209,0.7400242967946921
chrom_hmm_E1E2,pls30,cnn,1,30.0,0.9023494991576054,0.6823962516733602,0.6908485647886439
chrom_hmm_E1E2,ae,xgboost,2,64.0,0.8287659823202468,0.5794615487138478,0.5792431998394059
chrom_hmm_E1E2,ae,random_forest,2,64.0,0.8172208335138588,0.5626616020258562,0.5652704237742063
chrom_hmm_E1E2,ae,logistic,2,64.0,0.8695907230599236,0.7126616020258564,0.6859978121581497
chrom_hmm_E1E2,ae,elasticnet,2,64.0,0.8657992986901947,0.6973943755831001,0.6768401312705109
chrom_hmm_E1E2,ae,svm,2,64.0,0.8089283873810587,0.5927429028388644,0.5918795232013623
chrom_hmm_E1E2,ae,mlp,2,64.0,0.8842113912391684,0.7518659202985472,0.7042016249744544
chrom_hmm_E1E2,ae,cnn,2,64.0,0.8673942011848679,0.692203118752499,0.6645923570371183
chrom_hmm_E1E2,ae_vae,xgboost,2,64.0,0.8234830729442035,0.5926496068239371,0.59242940419411
chrom_hmm_E1E2,ae_vae,random_forest,2,64.0,0.8163244788874929,0.5916566706650673,0.5928189457601222
chrom_hmm_E1E2,ae_vae,logistic,2,64.0,0.8549847884380738,0.6681260829001733,0.6589882565492321
chrom_hmm_E1E2,ae_vae,elasticnet,2,64.0,0.8560804071232578,0.6997867519658802,0.6875547217010632
chrom_hmm_E1E2,ae_vae,svm,2,64.0,0.6599846355604183,0.4778421964547514,0.4783277100931122
chrom_hmm_E1E2,ae_vae,mlp,2,64.0,0.8701678773112945,0.6749900039984006,0.6649275362318839
chrom_hmm_E1E2,ae_vae,cnn,2,64.0,0.8644628808608968,0.6608556577369052,0.6594340924775707
chrom_hmm_E1E2,chrom_hmm,xgboost,2,2.0,0.6441489478391057,0.5048580567772891,0.4811965811965812
chrom_hmm_E1E2,chrom_hmm,random_forest,2,2.0,0.6500320761335964,0.4170531787285085,0.4255342405858884
chrom_hmm_E1E2,chrom_hmm,logistic,2,2.0,0.7058945484986833,0.5118019458883114,0.4970794290159031
chrom_hmm_E1E2,chrom_hmm,elasticnet,2,2.0,0.7156835402222215,0.4910702385712381,0.4693333333333333
chrom_hmm_E1E2,chrom_hmm,svm,2,2.0,0.764814185645069,0.558516593362655,0.5284256961676316
chrom_hmm_E1E2,chrom_hmm,mlp,2,2.0,0.7165791461125615,0.4954151672664267,0.4974297862554324
chrom_hmm_E1E2,chrom_hmm,cnn,2,2.0,0.7283651566889907,0.4281753965080634,0.3948664944013781
chrom_hmm_E1E2,none,xgboost,2,130532.0,0.930178215865379,0.6737638278022123,0.6783116525052009
chrom_hmm_E1E2,none,random_forest,2,130532.0,0.8985190106320738,0.6478408636545382,0.6492061435706985
chrom_hmm_E1E2,none,logistic,2,130532.0,0.9358348238456324,0.7030321204851392,0.707646664752608
chrom_hmm_E1E2,none,elasticnet,2,130532.0,0.9351202209299492,0.769698787151806,0.7656951219512195
chrom_hmm_E1E2,none,svm,2,130532.0,0.9114406932776316,0.7413834466213514,0.7248474528168014
chrom_hmm_E1E2,none,mlp,2,130532.0,0.8713566858468375,0.5839664134346262,0.5372866127583108
chrom_hmm_E1E2,none,cnn,2,,,,
chrom_hmm_E1E2,pca100,xgboost,2,100.0,0.8933168712732704,0.6811741969878714,0.6847117794486216
chrom_hmm_E1E2,pca100,random_forest,2,100.0,0.8762052095061375,0.7038517926162867,0.6994152046783625
chrom_hmm_E1E2,pca100,logistic,2,100.0,0.9152288737901552,0.7449020391843262,0.7390907457322552
chrom_hmm_E1E2,pca100,elasticnet,2,100.0,0.9199346100982831,0.7227708916433427,0.717884396525906
chrom_hmm_E1E2,pca100,svm,2,100.0,0.906540751582996,0.7145075303212048,0.7123356418749373
chrom_hmm_E1E2,pca100,mlp,2,100.0,0.9133630381999008,0.7863654538184726,0.7882063944286166
chrom_hmm_E1E2,pca100,cnn,2,100.0,0.846495250288243,0.6853325336532053,0.663569809945291
chrom_hmm_E1E2,pca200,xgboost,2,200.0,0.8994793731864917,0.7661801945888311,0.7484997272231314
chrom_hmm_E1E2,pca200,random_forest,2,200.0,0.8482761612460713,0.7225976276156204,0.6900725244615854
chrom_hmm_E1E2,pca200,logistic,2,200.0,0.9211828319069084,0.7336998533919766,0.7349780701754386
chrom_hmm_E1E2,pca200,elasticnet,2,200.0,0.9254091249964796,0.72963481274157,0.7282745710770439
chrom_hmm_E1E2,pca200,svm,2,200.0,0.909153711643304,0.7199720111955218,0.7192287269348201
chrom_hmm_E1E2,pca200,mlp,2,200.0,0.914004287659662,0.8020391843262694,0.8047154162709718
chrom_hmm_E1E2,pca200,cnn,2,200.0,0.7696416382603347,0.4470678395308543,0.3382235048901715
chrom_hmm_E1E2,pca300,xgboost,2,300.0,0.8820390697416357,0.7011861921897907,0.6917263406994002
chrom_hmm_E1E2,pca300,random_forest,2,300.0,0.8421288796837271,0.7133346661335466,0.674788217555156
chrom_hmm_E1E2,pca300,logistic,2,300.0,0.9230719160147388,0.6935025989604159,0.7004672796973453
chrom_hmm_E1E2,pca300,elasticnet,2,300.0,0.9207727307683404,0.7061042249766759,0.7108778574905976
chrom_hmm_E1E2,pca300,svm,2,300.0,0.9116613936109668,0.7461681993869119,0.7435511392150959
chrom_hmm_E1E2,pca300,mlp,2,300.0,0.9185140387256926,0.7309009729441557,0.7371776713533986
chrom_hmm_E1E2,pca300,cnn,2,300.0,0.8293986603701934,0.3373983739837398,0.1903938624452968
chrom_hmm_E1E2,pls20,xgboost,2,20.0,0.9034780265635636,0.6737638278022123,0.6852853641456583
chrom_hmm_E1E2,pls20,random_forest,2,20.0,0.888356832970556,0.6792283086765294,0.6922930820366718
chrom_hmm_E1E2,pls20,logistic,2,20.0,0.935862246353344,0.695894975343196,0.7030596664317595
chrom_hmm_E1E2,pls20,elasticnet,2,20.0,0.9356739868256828,0.7125616420098627,0.7216540404040405
chrom_hmm_E1E2,pls20,svm,2,20.0,0.9333791678975172,0.6778288684526189,0.6872753988915686
chrom_hmm_E1E2,pls20,mlp,2,20.0,0.933140359753636,0.6944955351192856,0.705313526653477
chrom_hmm_E1E2,pls20,cnn,2,20.0,0.922956781369364,0.6680261228841796,0.6723144445790755
chrom_hmm_E1E2,pls30,xgboost,2,30.0,0.9060752124709548,0.6778288684526189,0.69147624596781
chrom_hmm_E1E2,pls30,random_forest,2,30.0,0.8852059213725658,0.6832933493269359,0.6971044509421702
chrom_hmm_E1E2,pls30,logistic,2,30.0,0.9368192507975812,0.7125616420098627,0.7238929997650928
chrom_hmm_E1E2,pls30,elasticnet,2,30.0,0.9364439295371496,0.7070971611355458,0.7141095767575322
chrom_hmm_E1E2,pls30,svm,2,30.0,0.9339237643489798,0.6709649473543916,0.680404780926422
chrom_hmm_E1E2,pls30,mlp,2,30.0,0.9307100534474944,0.695894975343196,0.7078122824119203
chrom_hmm_E1E2,pls30,cnn,2,30.0,0.9144974118936168,0.6583633213381314,0.6710826210826211
chrom_hmm_E1E2,ae,xgboost,3,64.0,0.7872482831256095,0.5398373983739838,0.54264321655626
chrom_hmm_E1E2,ae,random_forest,3,64.0,0.783883987676524,0.5575880758807589,0.5621615767814597
chrom_hmm_E1E2,ae,logistic,3,64.0,0.8396417989311072,0.667208672086721,0.6382623848643266
chrom_hmm_E1E2,ae,elasticnet,3,64.0,0.8364861581679888,0.6505420054200542,0.6281795937688773
chrom_hmm_E1E2,ae,svm,3,64.0,0.8183428691336071,0.6079945799457994,0.5879918166266668
chrom_hmm_E1E2,ae,mlp,3,64.0,0.8129455481761391,0.5953929539295393,0.5914224664224664
chrom_hmm_E1E2,ae,cnn,3,64.0,0.7648352560230932,0.4111111111111111,0.3625730994152047
chrom_hmm_E1E2,ae_vae,xgboost,3,64.0,0.8156531429129537,0.5520325203252032,0.5535010320286394
chrom_hmm_E1E2,ae_vae,random_forest,3,64.0,0.7841137033556885,0.5464769647696477,0.5479427659051831
chrom_hmm_E1E2,ae_vae,logistic,3,64.0,0.837235494506975,0.5928184281842819,0.573430941205647
chrom_hmm_E1E2,ae_vae,elasticnet,3,64.0,0.8365917601629759,0.5842818428184282,0.5715007110457045
chrom_hmm_E1E2,ae_vae,svm,3,64.0,0.6721114795206223,0.4384823848238482,0.4354497354497353
chrom_hmm_E1E2,ae_vae,mlp,3,64.0,0.8205261913154894,0.5894308943089431,0.5824894514767932
chrom_hmm_E1E2,ae_vae,cnn,3,64.0,0.7694514281341377,0.4100271002710027,0.3807090936062898
chrom_hmm_E1E2,chrom_hmm,xgboost,3,2.0,0.6333600027953469,0.4491869918699187,0.447874976176863
chrom_hmm_E1E2,chrom_hmm,random_forest,3,2.0,0.665796579853744,0.4902439024390244,0.4910553178326545
chrom_hmm_E1E2,chrom_hmm,logistic,3,2.0,0.681915597549375,0.4924119241192412,0.4765894236482471
chrom_hmm_E1E2,chrom_hmm,elasticnet,3,2.0,0.7165495670767257,0.4853658536585366,0.471507066276803
chrom_hmm_E1E2,chrom_hmm,svm,3,2.0,0.7224017493557979,0.4691056910569105,0.4730756843800321
chrom_hmm_E1E2,chrom_hmm,mlp,3,2.0,0.7153404859787343,0.5168021680216802,0.5208641213186923
chrom_hmm_E1E2,chrom_hmm,cnn,3,2.0,0.7227432391522203,0.4789972899728997,0.479428849774986
chrom_hmm_E1E2,none,xgboost,3,130532.0,0.8725194897799572,0.67710027100271,0.6828916030367936
chrom_hmm_E1E2,none,random_forest,3,130532.0,0.8683735239295918,0.6441734417344174,0.6464183964183965
chrom_hmm_E1E2,none,logistic,3,130532.0,0.8938695085652872,0.709349593495935,0.7142857142857143
chrom_hmm_E1E2,none,elasticnet,3,130532.0,0.8934133983186007,0.7052845528455284,0.7044761519260608
chrom_hmm_E1E2,none,svm,3,130532.0,0.8605997908915847,0.6571815718157181,0.6410264037622528
chrom_hmm_E1E2,none,mlp,3,130532.0,0.8744144412412088,0.7008130081300813,0.6967102861205587
chrom_hmm_E1E2,none,cnn,3,,,,
chrom_hmm_E1E2,pca100,xgboost,3,100.0,0.8405469749257005,0.6401084010840109,0.6373734195820085
chrom_hmm_E1E2,pca100,random_forest,3,100.0,0.825425041481152,0.6330623306233062,0.632267447652063
chrom_hmm_E1E2,pca100,logistic,3,100.0,0.8803043906405649,0.65420054200542,0.6423655796904205
chrom_hmm_E1E2,pca100,elasticnet,3,100.0,0.8797759877453787,0.65420054200542,0.6425520151316747
chrom_hmm_E1E2,pca100,svm,3,100.0,0.8662757905368338,0.6860433604336044,0.6735153256704981
chrom_hmm_E1E2,pca100,mlp,3,100.0,0.8722668560916484,0.6649051490514905,0.6619706579537447
chrom_hmm_E1E2,pca100,cnn,3,100.0,0.8320280756487488,0.5875338753387535,0.5789708866631944
chrom_hmm_E1E2,pca200,xgboost,3,200.0,0.8585225712102468,0.6375338753387534,0.634483567628577
chrom_hmm_E1E2,pca200,random_forest,3,200.0,0.8207290153455938,0.6642276422764228,0.6410430186204773
chrom_hmm_E1E2,pca200,logistic,3,200.0,0.9027175159731438,0.7497289972899729,0.747983870967742
chrom_hmm_E1E2,pca200,elasticnet,3,200.0,0.9029548865807632,0.7578590785907858,0.759448420695033
chrom_hmm_E1E2,pca200,svm,3,200.0,0.8672093550195373,0.6956639566395664,0.6865907912333852
chrom_hmm_E1E2,pca200,mlp,3,200.0,0.8677550744714848,0.6856368563685638,0.687627908747682
chrom_hmm_E1E2,pca200,cnn,3,200.0,0.8066589598166073,0.6002710027100271,0.5787118606147048
chrom_hmm_E1E2,pca300,xgboost,3,300.0,0.8562147821837236,0.6401084010840109,0.6374890446976337
chrom_hmm_E1E2,pca300,random_forest,3,300.0,0.8080720787876201,0.6468834688346884,0.6125664125664126
chrom_hmm_E1E2,pca300,logistic,3,300.0,0.8949104712498381,0.6941734417344173,0.6939188034188035
chrom_hmm_E1E2,pca300,elasticnet,3,300.0,0.8956607571460967,0.7023035230352304,0.704203260041781
chrom_hmm_E1E2,pca300,svm,3,300.0,0.8698075822756294,0.6956639566395664,0.686926242481798
chrom_hmm_E1E2,pca300,mlp,3,300.0,0.880608033797129,0.688211382113821,0.6930892139069784
chrom_hmm_E1E2,pca300,cnn,3,300.0,0.8114565815638825,0.5567750677506775,0.55215106530896
chrom_hmm_E1E2,pls20,xgboost,3,20.0,0.8546645667885842,0.6397018970189702,0.6448773623232921
chrom_hmm_E1E2,pls20,random_forest,3,20.0,0.8461823728117149,0.6467479674796749,0.6544636123680241
chrom_hmm_E1E2,pls20,logistic,3,20.0,0.8883282852436367,0.67710027100271,0.6853022200615784
chrom_hmm_E1E2,pls20,elasticnet,3,20.0,0.8843957943687418,0.7119241192411924,0.7210141777335259
chrom_hmm_E1E2,pls20,svm,3,20.0,0.8819409081621884,0.6745257452574526,0.6818973709217612
chrom_hmm_E1E2,pls20,mlp,3,20.0,0.8847935419253391,0.6841463414634146,0.6933359792177803
chrom_hmm_E1E2,pls20,cnn,3,20.0,0.8647914033165462,0.6356368563685636,0.6480795414964694
chrom_hmm_E1E2,pls30,xgboost,3,30.0,0.8635481475119916,0.6563685636856369,0.6668824142918165
chrom_hmm_E1E2,pls30,random_forest,3,30.0,0.8383049719754311,0.6482384823848238,0.6553216213323547
chrom_hmm_E1E2,pls30,logistic,3,30.0,0.8851604031436614,0.7063685636856368,0.7118931247963506
chrom_hmm_E1E2,pls30,elasticnet,3,30.0,0.8845881615747944,0.7008130081300813,0.7090868478251532
chrom_hmm_E1E2,pls30,svm,3,30.0,0.8856180523279963,0.6341463414634146,0.6382145450074621
chrom_hmm_E1E2,pls30,mlp,3,30.0,0.8812379317351583,0.6841463414634146,0.6933359792177803
chrom_hmm_E1E2,pls30,cnn,3,30.0,0.862348040431868,0.667479674796748,0.682959919743945
chrom_hmm_E1E2,ae,xgboost,4,64.0,0.7863050392192356,0.5838753387533876,0.5810974228327684
chrom_hmm_E1E2,ae,random_forest,4,64.0,0.7899913437606272,0.579810298102981,0.5765475416937406
chrom_hmm_E1E2,ae,logistic,4,64.0,0.8288891891344107,0.6414246999612853,0.6159838000799098
chrom_hmm_E1E2,ae,elasticnet,4,64.0,0.8241448406867713,0.6303135888501742,0.604999587492781
chrom_hmm_E1E2,ae,svm,4,64.0,0.8233572032346682,0.6141308555942703,0.6051629744411238
chrom_hmm_E1E2,ae,mlp,4,64.0,0.8008573074323935,0.6128919860627178,0.5616149096834905
chrom_hmm_E1E2,ae,cnn,4,64.0,0.7809528612314942,0.4560394889663182,0.3173136387422101
chrom_hmm_E1E2,ae_vae,xgboost,4,64.0,0.8001397780841485,0.5953735965931087,0.5983772819472617
chrom_hmm_E1E2,ae_vae,random_forest,4,64.0,0.7971314730965474,0.5909214092140921,0.5880530466818882
chrom_hmm_E1E2,ae_vae,logistic,4,64.0,0.828660161191474,0.6052071234998064,0.5902191894127378
chrom_hmm_E1E2,ae_vae,elasticnet,4,64.0,0.8283201003447868,0.6011420828494,0.5859442793405057
chrom_hmm_E1E2,ae_vae,svm,4,64.0,0.8065632606422906,0.5565040650406504,0.5551179871854978
chrom_hmm_E1E2,ae_vae,mlp,4,64.0,0.8086920798217494,0.5867015098722416,0.5504542783432038
chrom_hmm_E1E2,ae_vae,cnn,4,64.0,0.7779626231794605,0.4604723190089043,0.4122221745984122
chrom_hmm_E1E2,chrom_hmm,xgboost,4,2.0,0.693975424783445,0.5036391792489353,0.5007880852200628
chrom_hmm_E1E2,chrom_hmm,random_forest,4,2.0,0.7171041244705584,0.5025358110723964,0.5033950736963649
chrom_hmm_E1E2,chrom_hmm,logistic,4,2.0,0.6189681969210166,0.4590785907859078,0.4339826839826839
chrom_hmm_E1E2,chrom_hmm,elasticnet,4,2.0,0.6267236486511883,0.479810298102981,0.4516466439543363
chrom_hmm_E1E2,chrom_hmm,svm,4,2.0,0.7230543251479165,0.4884630274874177,0.4922299922299922
chrom_hmm_E1E2,chrom_hmm,mlp,4,2.0,0.6922849147538299,0.4415408439798683,0.4592818945760122
chrom_hmm_E1E2,chrom_hmm,cnn,4,2.0,0.7276606275161212,0.560762679055362,0.5420634781268353
chrom_hmm_E1E2,none,xgboost,4,130532.0,0.914197651644738,0.7066589237320944,0.7160980300515184
chrom_hmm_E1E2,none,random_forest,4,130532.0,0.872393385600367,0.6387146728610144,0.6426872388299582
chrom_hmm_E1E2,none,logistic,4,130532.0,0.9096165268232904,0.7122144792876499,0.7223311546840958
chrom_hmm_E1E2,none,elasticnet,4,130532.0,0.9017965845588592,0.7358304297328687,0.742117442007913
chrom_hmm_E1E2,none,svm,4,130532.0,0.8699319959284487,0.6748354626403407,0.6718643596692377
chrom_hmm_E1E2,none,mlp,4,130532.0,0.8652390583256544,0.608246225319396,0.5506495157524905
chrom_hmm_E1E2,none,cnn,4,,,,
chrom_hmm_E1E2,pca100,xgboost,4,100.0,0.8853009713718101,0.7194734804490901,0.7064576074332171
chrom_hmm_E1E2,pca100,random_forest,4,100.0,0.8489510217909212,0.6418892760356174,0.6447190192984585
chrom_hmm_E1E2,pca100,logistic,4,100.0,0.9030257296883312,0.7642082849399922,0.754200459239653
chrom_hmm_E1E2,pca100,elasticnet,4,100.0,0.90072717463515,0.7627177700348432,0.7515538343851597
chrom_hmm_E1E2,pca100,svm,4,100.0,0.8884828163789935,0.7150987224157955,0.7148147971837556
chrom_hmm_E1E2,pca100,mlp,4,100.0,0.8647725809381724,0.6645180023228803,0.6617387882210016
chrom_hmm_E1E2,pca100,cnn,4,100.0,0.8122894037116287,0.6364305071622144,0.5950994534232192
chrom_hmm_E1E2,pca200,xgboost,4,200.0,0.8780196816910032,0.728397212543554,0.7229782137341667
chrom_hmm_E1E2,pca200,random_forest,4,200.0,0.8329466011996138,0.7105497483546265,0.6914478318585312
chrom_hmm_E1E2,pca200,logistic,4,200.0,0.900839149568294,0.7007162214479288,0.7020805763320733
chrom_hmm_E1E2,pca200,elasticnet,4,200.0,0.8985334339545036,0.6848432055749128,0.6865593137049119
chrom_hmm_E1E2,pca200,svm,4,200.0,0.8900199312008552,0.7239256678281069,0.7233285917496444
chrom_hmm_E1E2,pca200,mlp,4,200.0,0.877712195905064,0.6807781649245063,0.6811985400220694
chrom_hmm_E1E2,pca200,cnn,4,200.0,0.7182384040343305,0.4524777390631049,0.3518925518925519
chrom_hmm_E1E2,pca300,xgboost,4,300.0,0.889286743616302,0.7453735965931089,0.7347460723419803
chrom_hmm_E1E2,pca300,random_forest,4,300.0,0.8254534405398664,0.6843786295005807,0.6594196459798886
chrom_hmm_E1E2,pca300,logistic,4,300.0,0.9005749212544698,0.7173828881145954,0.7225009382731179
chrom_hmm_E1E2,pca300,elasticnet,4,300.0,0.9016996057258472,0.7137049941927991,0.7229594934512967
chrom_hmm_E1E2,pca300,svm,4,300.0,0.8914646437133955,0.7136082075106466,0.7194761099138655
chrom_hmm_E1E2,pca300,mlp,4,300.0,0.886167394107666,0.694463801780875,0.6998517924202409
chrom_hmm_E1E2,pca300,cnn,4,300.0,0.7133768876785268,0.4246999612853271,0.2579303784123061
chrom_hmm_E1E2,pls20,xgboost,4,20.0,0.8594635345441257,0.5851335656213705,0.5759349939677808
chrom_hmm_E1E2,pls20,random_forest,4,20.0,0.8646603741495268,0.6631049167634534,0.6795371828251331
chrom_hmm_E1E2,pls20,logistic,4,20.0,0.9124112433365882,0.720344560588463,0.7358041482488948
chrom_hmm_E1E2,pls20,elasticnet,4,20.0,0.916161638914916,0.7306620209059234,0.7470466113358246
chrom_hmm_E1E2,pls20,svm,4,20.0,0.917588213464696,0.7154858691444058,0.7329392446633826
chrom_hmm_E1E2,pls20,mlp,4,20.0,0.9149246907939248,0.694850948509485,0.708658842762889
chrom_hmm_E1E2,pls20,cnn,4,20.0,0.8884969355457372,0.6823461091753774,0.6966368667518094
chrom_hmm_E1E2,pls30,xgboost,4,30.0,0.8669869392099953,0.5980255516840882,0.5971706454465076
chrom_hmm_E1E2,pls30,random_forest,4,30.0,0.8712065536097673,0.6631049167634534,0.6795371828251331
chrom_hmm_E1E2,pls30,logistic,4,30.0,0.9126110386633745,0.7004065040650406,0.7142143983184446
chrom_hmm_E1E2,pls30,elasticnet,4,30.0,0.9181038357874204,0.7162795199380566,0.7319505837016888
chrom_hmm_E1E2,pls30,svm,4,30.0,0.9165513873269524,0.6966318234610918,0.7216117216117216
chrom_hmm_E1E2,pls30,mlp,4,30.0,0.9162020149084243,0.7273906310491677,0.7435020176955662
chrom_hmm_E1E2,pls30,cnn,4,30.0,0.9053068793048864,0.6734223770809136,0.6868360008212369
chrom_hmm_E6E7,ae,xgboost,0,64.0,0.8567545294585197,0.6504664800746368,0.6462462462462463
chrom_hmm_E6E7,ae,random_forest,0,64.0,0.853746550786101,0.6610822337731574,0.633464230925334
chrom_hmm_E6E7,ae,logistic,0,64.0,0.8891859399235534,0.7072904171664668,0.646318695288947
chrom_hmm_E6E7,ae,elasticnet,0,64.0,0.882698691052735,0.6906237504998001,0.6370681605975723
chrom_hmm_E6E7,ae,svm,0,64.0,0.8755589261130835,0.7123483939757431,0.6627878490935816
chrom_hmm_E6E7,ae,mlp,0,64.0,0.883536386861462,0.7623483939757429,0.693690441270486
chrom_hmm_E6E7,ae,cnn,0,64.0,0.8764890013747334,0.6775289884046382,0.570021484944916
chrom_hmm_E6E7,ae_vae,xgboost,0,64.0,0.8708489886052848,0.675529788084766,0.6638387755547872
chrom_hmm_E6E7,ae_vae,random_forest,0,64.0,0.8722246251220281,0.6646008263361323,0.6487038127352852
chrom_hmm_E6E7,ae_vae,logistic,0,64.0,0.8724136485472475,0.7194855391176862,0.661155332123074
chrom_hmm_E6E7,ae_vae,elasticnet,0,64.0,0.8714284204030789,0.7082833533253364,0.658950484812761
chrom_hmm_E6E7,ae_vae,svm,0,64.0,0.3921879318889795,0.3306677329068372,0.2352915720004327
chrom_hmm_E6E7,ae_vae,mlp,0,64.0,0.8466843674577574,0.4063174730107957,0.359189142196721
chrom_hmm_E6E7,ae_vae,cnn,0,64.0,0.8429941573147036,0.4851725976276156,0.4685879959233381
chrom_hmm_E6E7,chrom_hmm,xgboost,0,2.0,0.5965728050792064,0.3947421031587365,0.3897621570705287
chrom_hmm_E6E7,chrom_hmm,random_forest,0,2.0,0.6049664156899041,0.4657870185259229,0.4590137201979307
chrom_hmm_E6E7,chrom_hmm,logistic,0,2.0,0.6225080852982633,0.4046714647474343,0.3907244649684691
chrom_hmm_E6E7,chrom_hmm,elasticnet,0,2.0,0.6214861467526415,0.4058909769425563,0.360316301703163
chrom_hmm_E6E7,chrom_hmm,svm,0,2.0,0.6602257087966072,0.5007463681194189,0.4480494075564498
chrom_hmm_E6E7,chrom_hmm,mlp,0,2.0,0.6961362201957467,0.5200786352125816,0.465033947058892
chrom_hmm_E6E7,chrom_hmm,cnn,0,2.0,0.7001507484754708,0.5510195921631348,0.4678073411296863
chrom_hmm_E6E7,none,xgboost,0,50775.0,0.9244254173712456,0.646308143409303,0.6543622338113863
chrom_hmm_E6E7,none,random_forest,0,50775.0,0.926618520794576,0.7341130214580834,0.7423008202141279
chrom_hmm_E6E7,none,logistic,0,50775.0,0.9304220947972598,0.7089097694255632,0.7154887721943713
chrom_hmm_E6E7,none,elasticnet,0,50775.0,0.928449722842554,0.6912501666000267,0.6903631628089832
chrom_hmm_E6E7,none,svm,0,50775.0,0.9087893280746858,0.7559309609489536,0.7185185185185184
chrom_hmm_E6E7,none,mlp,0,50775.0,0.8286671586746328,0.5077235772357723,0.3305229577304318
chrom_hmm_E6E7,none,cnn,0,50775.0,0.7544764520770197,0.3333333333333333,0.181547619047619
chrom_hmm_E6E7,pca100,xgboost,0,100.0,0.9115677022793914,0.7207916833266693,0.7081277315391028
chrom_hmm_E6E7,pca100,random_forest,0,100.0,0.9031399146475992,0.6721911235505797,0.6713465078625768
chrom_hmm_E6E7,pca100,logistic,0,100.0,0.915802112271237,0.7097227775556444,0.6976081952746164
chrom_hmm_E6E7,pca100,elasticnet,0,100.0,0.9191413855341748,0.7389910702385712,0.7148588937268183
chrom_hmm_E6E7,pca100,svm,0,100.0,0.9214593508426302,0.7987938158070106,0.7560453535296302
chrom_hmm_E6E7,pca100,mlp,0,100.0,0.9094281279993922,0.7039850726376117,0.7010040837735566
chrom_hmm_E6E7,pca100,cnn,0,100.0,0.8181886687238795,0.5326802612288418,0.54006169847754
chrom_hmm_E6E7,pca200,xgboost,0,200.0,0.9069618118019672,0.7221911235505797,0.7046234551435938
chrom_hmm_E6E7,pca200,random_forest,0,200.0,0.8740862094084857,0.6910702385712382,0.6623535122390959
chrom_hmm_E6E7,pca200,logistic,0,200.0,0.9217025521081676,0.6800479808076769,0.684364932519255
chrom_hmm_E6E7,pca200,elasticnet,0,200.0,0.925036378252216,0.7038517926162867,0.7008595751110721
chrom_hmm_E6E7,pca200,svm,0,200.0,0.92390998307795,0.7528588564574169,0.7287163516388641
chrom_hmm_E6E7,pca200,mlp,0,200.0,0.8946381172821315,0.7075103292016527,0.7101650553310485
chrom_hmm_E6E7,pca200,cnn,0,200.0,0.819334732906559,0.6243169398907104,0.5539373611662768
chrom_hmm_E6E7,pca300,xgboost,0,300.0,0.909571692074508,0.7280621084899374,0.7021763812877135
chrom_hmm_E6E7,pca300,random_forest,0,300.0,0.854307619785481,0.7085499133679862,0.6529584748308858
chrom_hmm_E6E7,pca300,logistic,0,300.0,0.9242001732485278,0.6922431027588964,0.6979449125452485
chrom_hmm_E6E7,pca300,elasticnet,0,300.0,0.9242249071563096,0.6936425429828068,0.6992923366957893
chrom_hmm_E6E7,pca300,svm,0,300.0,0.920412268384844,0.7528588564574169,0.7282367472874415
chrom_hmm_E6E7,pca300,mlp,0,300.0,0.9196030704696518,0.7283753165400507,0.7367523958433049
chrom_hmm_E6E7,pca300,cnn,0,300.0,0.8349433565121146,0.6029921364787418,0.6037161063502527
chrom_hmm_E6E7,pls20,xgboost,0,20.0,0.8906101996096064,0.6933693189390909,0.7106939336460131
chrom_hmm_E6E7,pls20,random_forest,0,20.0,0.8539306382188183,0.6586365453818472,0.6730093676814989
chrom_hmm_E6E7,pls20,logistic,0,20.0,0.9271161576826238,0.6862321737971477,0.7021487603305786
chrom_hmm_E6E7,pls20,elasticnet,0,20.0,0.9270249706097587,0.7100359856057578,0.7273137050013317
chrom_hmm_E6E7,pls20,svm,0,20.0,0.9222025537891348,0.7253032120485138,0.7399520020209676
chrom_hmm_E6E7,pls20,mlp,0,20.0,0.9232363047589898,0.6821671331467414,0.6941457586618877
chrom_hmm_E6E7,pls20,cnn,0,20.0,0.915376193864145,0.7124283619885379,0.7336901482356027
chrom_hmm_E6E7,pls30,xgboost,0,30.0,0.8924090202458593,0.6807676929228309,0.696112053262986
chrom_hmm_E6E7,pls30,random_forest,0,30.0,0.8586995369288335,0.675303212048514,0.6940605110667807
chrom_hmm_E6E7,pls30,logistic,0,30.0,0.9294365587859956,0.7045715047314407,0.7186412137109178
chrom_hmm_E6E7,pls30,elasticnet,0,30.0,0.929763795483782,0.7100359856057578,0.7267092894260525
chrom_hmm_E6E7,pls30,svm,0,30.0,0.9309239516676804,0.7198387311741969,0.7318007662835249
chrom_hmm_E6E7,pls30,mlp,0,30.0,0.9285788166565268,0.7100359856057578,0.7261622568176479
chrom_hmm_E6E7,pls30,cnn,0,30.0,0.9197288371056772,0.6821671331467414,0.7006788877224152
chrom_hmm_E6E7,ae,xgboost,1,64.0,0.8245591186344491,0.6323293172690763,0.6287725305559518
chrom_hmm_E6E7,ae,random_forest,1,64.0,0.8287472263280837,0.6585676037483267,0.6473660734198671
chrom_hmm_E6E7,ae,logistic,1,64.0,0.8367612516738147,0.627041499330656,0.599327931662584
chrom_hmm_E6E7,ae,elasticnet,1,64.0,0.8392651455392711,0.648661311914324,0.6184249271806875
chrom_hmm_E6E7,ae,svm,1,64.0,0.8321022838042373,0.6437081659973226,0.6077684872205421
chrom_hmm_E6E7,ae,mlp,1,64.0,0.8330569136482109,0.6038821954484606,0.5754985754985755
chrom_hmm_E6E7,ae,cnn,1,64.0,0.8235033850749138,0.615528781793842,0.5254623561963011
chrom_hmm_E6E7,ae_vae,xgboost,1,64.0,0.8261123874046438,0.649330655957162,0.64792008757526
chrom_hmm_E6E7,ae_vae,random_forest,1,64.0,0.8211320614569533,0.6403614457831325,0.6293265912831131
chrom_hmm_E6E7,ae_vae,logistic,1,64.0,0.8217785483255128,0.6613119143239624,0.6250974051983423
chrom_hmm_E6E7,ae_vae,elasticnet,1,64.0,0.8237751388017501,0.6557563587684069,0.6197973960300129
chrom_hmm_E6E7,ae_vae,svm,1,64.0,0.8351959788823748,0.6835341365461848,0.6350435997494821
chrom_hmm_E6E7,ae_vae,mlp,1,64.0,0.8425619421583862,0.6810575635876841,0.6302985412055877
chrom_hmm_E6E7,ae_vae,cnn,1,64.0,0.826530856946695,0.652074966532798,0.6346892101609083
chrom_hmm_E6E7,chrom_hmm,xgboost,1,2.0,0.5678205307708758,0.3985943775100402,0.3810224230849832
chrom_hmm_E6E7,chrom_hmm,random_forest,1,2.0,0.5935242401020563,0.4066265060240964,0.3948209366391184
chrom_hmm_E6E7,chrom_hmm,logistic,1,2.0,0.5950646113092013,0.3710174029451138,0.2894311729263185
chrom_hmm_E6E7,chrom_hmm,elasticnet,1,2.0,0.6006510608028329,0.3836680053547523,0.295733778160355
chrom_hmm_E6E7,chrom_hmm,svm,1,2.0,0.6326955353493545,0.3819277108433734,0.3859600777247836
chrom_hmm_E6E7,chrom_hmm,mlp,1,2.0,0.645624192290469,0.3921017402945113,0.3845004907608927
chrom_hmm_E6E7,chrom_hmm,cnn,1,2.0,0.6467875269153196,0.3930388219544846,0.3941183085919928
chrom_hmm_E6E7,none,xgboost,1,50775.0,0.9130222817174508,0.6829986613119142,0.6907869567435218
chrom_hmm_E6E7,none,random_forest,1,50775.0,0.9046055956462145,0.699665327978581,0.7189464032674836
chrom_hmm_E6E7,none,logistic,1,50775.0,0.9222343580309426,0.7592369477911647,0.7745196965384803
chrom_hmm_E6E7,none,elasticnet,1,50775.0,0.91108020126765,0.735140562248996,0.7277231434933369
chrom_hmm_E6E7,none,svm,1,50775.0,0.8918274178480051,0.6943775100401606,0.6782493889275457
chrom_hmm_E6E7,none,mlp,1,50775.0,0.8002320095781319,0.4627844712182061,0.4023297491039426
chrom_hmm_E6E7,none,cnn,1,,,,
chrom_hmm_E6E7,pca100,xgboost,1,100.0,0.8707343064066073,0.6564257028112449,0.654566573742201
chrom_hmm_E6E7,pca100,random_forest,1,100.0,0.8801625999551196,0.6607764390896921,0.6688745377269968
chrom_hmm_E6E7,pca100,logistic,1,100.0,0.9051084710898724,0.7527443105756358,0.7424576078626198
chrom_hmm_E6E7,pca100,elasticnet,1,100.0,0.9072150484391682,0.774966532797858,0.7629221401915589
chrom_hmm_E6E7,pca100,svm,1,100.0,0.8893064711376795,0.7200133868808568,0.7235930058015948
chrom_hmm_E6E7,pca100,mlp,1,100.0,0.8955578895571877,0.6629183400267737,0.6700281425891181
chrom_hmm_E6E7,pca100,cnn,1,100.0,0.862764912139108,0.6363453815261044,0.6351881694947389
chrom_hmm_E6E7,pca200,xgboost,1,200.0,0.8743498946563631,0.6937751004016065,0.6961033257991605
chrom_hmm_E6E7,pca200,random_forest,1,200.0,0.8712717607252056,0.6690763052208837,0.6667660455486543
chrom_hmm_E6E7,pca200,logistic,1,200.0,0.9098786834940188,0.7259036144578314,0.7315786443264095
chrom_hmm_E6E7,pca200,elasticnet,1,200.0,0.9137679216197172,0.7036813922356092,0.7076837817218694
chrom_hmm_E6E7,pca200,svm,1,200.0,0.8971094553150936,0.7200133868808568,0.7235930058015948
chrom_hmm_E6E7,pca200,mlp,1,200.0,0.9098567817789364,0.6981258366800535,0.7112349778621126
chrom_hmm_E6E7,pca200,cnn,1,200.0,0.7195641051998521,0.400334672021419,0.2003990566562322
chrom_hmm_E6E7,pca300,xgboost,1,300.0,0.87169375785442,0.6922356091030789,0.6846555676650757
chrom_hmm_E6E7,pca300,random_forest,1,300.0,0.8568300017914008,0.6455823293172691,0.6256585879873552
chrom_hmm_E6E7,pca300,logistic,1,300.0,0.91416020408154,0.7471887550200803,0.7477922060348342
chrom_hmm_E6E7,pca300,elasticnet,1,300.0,0.9159789939398664,0.7552208835341365,0.7589320677895773
chrom_hmm_E6E7,pca300,svm,1,300.0,0.8976809960097479,0.7073627844712181,0.713964717824906
chrom_hmm_E6E7,pca300,mlp,1,300.0,0.9135091926990104,0.6839357429718875,0.6959231597718806
chrom_hmm_E6E7,pca300,cnn,1,300.0,0.8310318797992795,0.6044846050870146,0.5237891737891737
chrom_hmm_E6E7,pls20,xgboost,1,20.0,0.8781894966200148,0.6647925033467202,0.6743967197687706
chrom_hmm_E6E7,pls20,random_forest,1,20.0,0.8636435210595931,0.6870147255689424,0.7138461538461538
chrom_hmm_E6E7,pls20,logistic,1,20.0,0.9187516592724804,0.7521419009370817,0.7695433531875425
chrom_hmm_E6E7,pls20,elasticnet,1,20.0,0.9181554254676842,0.7561579651941098,0.7745211096162471
chrom_hmm_E6E7,pls20,svm,1,20.0,0.9181751799557976,0.7212851405622489,0.7375113227752594
chrom_hmm_E6E7,pls20,mlp,1,20.0,0.9214666857622174,0.7218875502008032,0.7393857271906051
chrom_hmm_E6E7,pls20,cnn,1,20.0,0.8760026697870306,0.6900937081659974,0.7071428571428572
chrom_hmm_E6E7,pls30,xgboost,1,30.0,0.8895254405723466,0.7228246318607764,0.748431599229287
chrom_hmm_E6E7,pls30,random_forest,1,30.0,0.8659077395194191,0.649665327978581,0.6623799495153172
chrom_hmm_E6E7,pls30,logistic,1,30.0,0.9243462966310668,0.7657295850066935,0.7903854618625417
chrom_hmm_E6E7,pls30,elasticnet,1,30.0,0.9266630363761608,0.778380187416332,0.7954998392799743
chrom_hmm_E6E7,pls30,svm,1,30.0,0.9243525678971344,0.7546184738955825,0.7740458774941533
chrom_hmm_E6E7,pls30,mlp,1,30.0,0.928984091024973,0.739491298527443,0.7612263805003212
chrom_hmm_E6E7,pls30,cnn,1,30.0,0.8830819072565183,0.6885542168674698,0.6986762892470089
chrom_hmm_E6E7,ae,xgboost,2,64.0,0.8120779267926945,0.594728775156604,0.596592154284462
chrom_hmm_E6E7,ae,random_forest,2,64.0,0.8267619594993875,0.616453418632547,0.6199576010989581
chrom_hmm_E6E7,ae,logistic,2,64.0,0.8659783257246233,0.7059309609489537,0.6831474915000553
chrom_hmm_E6E7,ae,elasticnet,2,64.0,0.8666089417384978,0.7059309609489537,0.6831474915000553
chrom_hmm_E6E7,ae,svm,2,64.0,0.8664044484062882,0.720924963347994,0.7023925667828106
chrom_hmm_E6E7,ae,mlp,2,64.0,0.8398624774435234,0.6283353325336533,0.6225700522889278
chrom_hmm_E6E7,ae,cnn,2,64.0,0.8555986008716028,0.6420698387311742,0.6344096330537008
chrom_hmm_E6E7,ae_vae,xgboost,2,64.0,0.8145150553145526,0.6304544848727175,0.6336233537773974
chrom_hmm_E6E7,ae_vae,random_forest,2,64.0,0.833276206016587,0.6318539250966281,0.6326639892904953
chrom_hmm_E6E7,ae_vae,logistic,2,64.0,0.8751065877546006,0.7294615487138478,0.7031432748538012
chrom_hmm_E6E7,ae_vae,elasticnet,2,64.0,0.8752281749856575,0.7168599226975876,0.6971453324669699
chrom_hmm_E6E7,ae_vae,svm,2,64.0,0.8403641111551412,0.6808609889377584,0.669150966812298
chrom_hmm_E6E7,ae_vae,mlp,2,64.0,0.8617415121561175,0.6947287751566039,0.6770894498872274
chrom_hmm_E6E7,ae_vae,cnn,2,64.0,0.855936726392335,0.6024523523923765,0.6085228085228085
chrom_hmm_E6E7,chrom_hmm,xgboost,2,2.0,0.5968059221828956,0.3954618152738904,0.3964395696294263
chrom_hmm_E6E7,chrom_hmm,random_forest,2,2.0,0.60804628557645,0.3998000799680127,0.3983482014957074
chrom_hmm_E6E7,chrom_hmm,logistic,2,2.0,0.6724586110525852,0.4254031720645075,0.4077466779756856
chrom_hmm_E6E7,chrom_hmm,elasticnet,2,2.0,0.6696455507817237,0.4263494602159137,0.3794550872711792
chrom_hmm_E6E7,chrom_hmm,svm,2,2.0,0.672760967202145,0.495868319338931,0.4641717188887
chrom_hmm_E6E7,chrom_hmm,mlp,2,2.0,0.6804661116020232,0.4773957083833133,0.4611138330883553
chrom_hmm_E6E7,chrom_hmm,cnn,2,2.0,0.6728389169374868,0.4758163401306144,0.4358509863165705
chrom_hmm_E6E7,none,xgboost,2,50775.0,0.924144081907774,0.6947687591630015,0.701551735239199
chrom_hmm_E6E7,none,random_forest,2,50775.0,0.9022515557666204,0.685239237638278,0.6897493715675534
chrom_hmm_E6E7,none,logistic,2,50775.0,0.9290334640351496,0.7061042249766759,0.7132958724689992
chrom_hmm_E6E7,none,elasticnet,2,50775.0,0.9305608662375758,0.7713714514194322,0.7583530948207718
chrom_hmm_E6E7,none,svm,2,50775.0,0.9129414379190286,0.7454484872717578,0.7270348711284383
chrom_hmm_E6E7,none,mlp,2,50775.0,0.8337204057626999,0.6012261761961882,0.5675824584915494
chrom_hmm_E6E7,none,cnn,2,,,,
chrom_hmm_E6E7,pca100,xgboost,2,100.0,0.9253970517803546,0.7047047847527655,0.7028003613369466
chrom_hmm_E6E7,pca100,random_forest,2,100.0,0.8833173039556499,0.6699720111955219,0.6744946627299568
chrom_hmm_E6E7,pca100,logistic,2,100.0,0.9268527391568372,0.732300413168066,0.7320613769432667
chrom_hmm_E6E7,pca100,elasticnet,2,100.0,0.929499925293242,0.7530321204851392,0.7491045710097713
chrom_hmm_E6E7,pca100,svm,2,100.0,0.9163491579193274,0.7659069705451153,0.752888613946455
chrom_hmm_E6E7,pca100,mlp,2,100.0,0.8932704133264432,0.6853725176596028,0.6898550724637681
chrom_hmm_E6E7,pca100,cnn,2,100.0,0.784304385478687,0.4349593495934959,0.3601183487531114
chrom_hmm_E6E7,pca200,xgboost,2,200.0,0.925312285074916,0.7795015327202451,0.7725738054722741
chrom_hmm_E6E7,pca200,random_forest,2,200.0,0.8700943210021932,0.6883113421298147,0.6872270375596318
chrom_hmm_E6E7,pca200,logistic,2,200.0,0.9224959541434258,0.714234306277489,0.7155941891702896
chrom_hmm_E6E7,pca200,elasticnet,2,200.0,0.9238461080502042,0.714234306277489,0.7155941891702896
chrom_hmm_E6E7,pca200,svm,2,200.0,0.9152132973801692,0.7533053445288552,0.7506543394911974
chrom_hmm_E6E7,pca200,mlp,2,200.0,0.9072313855375794,0.7030321204851392,0.709461296389401
chrom_hmm_E6E7,pca200,cnn,2,200.0,0.8834065034633173,0.6159069705451153,0.6138501728841622
chrom_hmm_E6E7,pca300,xgboost,2,300.0,0.9054638335987234,0.6839730774356924,0.6851955656011194
chrom_hmm_E6E7,pca300,random_forest,2,300.0,0.8524990849389195,0.6937291749966681,0.6649465644770809
chrom_hmm_E6E7,pca300,logistic,2,300.0,0.9240273731366184,0.7101692656270825,0.7152777777777777
chrom_hmm_E6E7,pca300,elasticnet,2,300.0,0.9231603579703554,0.7268359322937492,0.7293233082706766
chrom_hmm_E6E7,pca300,svm,2,300.0,0.9152446762017312,0.7366386778621884,0.7366386778621884
chrom_hmm_E6E7,pca300,mlp,2,300.0,0.902677910812304,0.6656337465013994,0.6661303837774426
chrom_hmm_E6E7,pca300,cnn,2,300.0,0.8416569879404353,0.5663068106090897,0.5205761316872428
chrom_hmm_E6E7,pls20,xgboost,2,20.0,0.8939014407999363,0.6628348660535787,0.6752631798218204
chrom_hmm_E6E7,pls20,random_forest,2,20.0,0.8973264532892316,0.6421031587365054,0.6515908499432236
chrom_hmm_E6E7,pls20,logistic,2,20.0,0.9185111443959538,0.6809009729441556,0.6882279942279942
chrom_hmm_E6E7,pls20,elasticnet,2,20.0,0.9161393598106494,0.676835932293749,0.6803270803270802
chrom_hmm_E6E7,pls20,svm,2,20.0,0.9193311423985168,0.672364387578302,0.6808421052631579
chrom_hmm_E6E7,pls20,mlp,2,20.0,0.9170538021449944,0.7156337465013994,0.720486111111111
chrom_hmm_E6E7,pls20,cnn,2,20.0,0.905517681134232,0.7612554978008795,0.72220014286642
chrom_hmm_E6E7,pls30,xgboost,2,30.0,0.8913634340079448,0.6335665733706518,0.6360909090909092
chrom_hmm_E6E7,pls30,random_forest,2,30.0,0.9045890349485252,0.6349660135945622,0.6359971098265896
chrom_hmm_E6E7,pls30,logistic,2,30.0,0.9234708338649767,0.6656337465013994,0.6709936980876955
chrom_hmm_E6E7,pls30,elasticnet,2,30.0,0.9208658603109972,0.6935025989604159,0.6993746993746993
chrom_hmm_E6E7,pls30,svm,2,30.0,0.9221045012157324,0.6587698254031721,0.6653365933762956
chrom_hmm_E6E7,pls30,mlp,2,30.0,0.9226059951569748,0.672364387578302,0.6859738333598178
chrom_hmm_E6E7,pls30,cnn,2,30.0,0.9345629072695107,0.7806277489004398,0.7809147654620096
chrom_hmm_E6E7,ae,xgboost,3,64.0,0.8108582248312125,0.573170731707317,0.5679146138981404
chrom_hmm_E6E7,ae,random_forest,3,64.0,0.8098383535444027,0.5868563685636856,0.5807643822409115
chrom_hmm_E6E7,ae,logistic,3,64.0,0.8309532656911767,0.6094850948509485,0.5887876329377434
chrom_hmm_E6E7,ae,elasticnet,3,64.0,0.830045680721237,0.6109756097560975,0.5906397306397307
chrom_hmm_E6E7,ae,svm,3,64.0,0.8251911510243244,0.6176151761517615,0.5987757415264863
chrom_hmm_E6E7,ae,mlp,3,64.0,0.8507366178846819,0.6365853658536585,0.587005401654458
chrom_hmm_E6E7,ae,cnn,3,64.0,0.84559952239608,0.644308943089431,0.6106510236945019
chrom_hmm_E6E7,ae_vae,xgboost,3,64.0,0.8023946758557615,0.5560975609756098,0.5563160853150629
chrom_hmm_E6E7,ae_vae,random_forest,3,64.0,0.7948593074200557,0.5742547425474255,0.5682612238519411
chrom_hmm_E6E7,ae_vae,logistic,3,64.0,0.8409860258848377,0.6331978319783199,0.5998083118457096
chrom_hmm_E6E7,ae_vae,elasticnet,3,64.0,0.8392556378442823,0.6124661246612466,0.5856452726017943
chrom_hmm_E6E7,ae_vae,svm,3,64.0,0.8324981392419558,0.6752032520325203,0.5780269472129937
chrom_hmm_E6E7,ae_vae,mlp,3,64.0,0.840614084768989,0.629539295392954,0.5784901796772385
chrom_hmm_E6E7,ae_vae,cnn,3,64.0,0.8331287294680458,0.612059620596206,0.5928959928959929
chrom_hmm_E6E7,chrom_hmm,xgboost,3,2.0,0.682632125047431,0.5436314363143632,0.5160233637010846
chrom_hmm_E6E7,chrom_hmm,random_forest,3,2.0,0.6898060208853951,0.5303523035230353,0.4940768354561458
chrom_hmm_E6E7,chrom_hmm,logistic,3,2.0,0.6855357074697507,0.5208672086720868,0.4548138238573021
chrom_hmm_E6E7,chrom_hmm,elasticnet,3,2.0,0.6770206765862191,0.5224932249322493,0.3804948576457501
chrom_hmm_E6E7,chrom_hmm,svm,3,2.0,0.7193952592487814,0.5670731707317073,0.4924760717888722
chrom_hmm_E6E7,chrom_hmm,mlp,3,2.0,0.7263606921832819,0.5722222222222223,0.5004947988585106
chrom_hmm_E6E7,chrom_hmm,cnn,3,2.0,0.7166715173607136,0.5223577235772358,0.428105375941114
chrom_hmm_E6E7,none,xgboost,3,50775.0,0.876086471269297,0.668970189701897,0.6679518305189146
chrom_hmm_E6E7,none,random_forest,3,50775.0,0.8629712727585023,0.6153116531165311,0.6123693071061492
chrom_hmm_E6E7,none,logistic,3,50775.0,0.8927069089974248,0.6926829268292684,0.6952546296296296
chrom_hmm_E6E7,none,elasticnet,3,50775.0,0.876079960019429,0.6527100271002709,0.6461465636295535
chrom_hmm_E6E7,none,svm,3,50775.0,0.8464267504971376,0.6490514905149051,0.6307035780719991
chrom_hmm_E6E7,none,mlp,3,50775.0,0.6586519448803988,0.3495934959349593,0.105914118979183
chrom_hmm_E6E7,none,cnn,3,,,,
chrom_hmm_E6E7,pca100,xgboost,3,100.0,0.8621310057860313,0.6956639566395664,0.6839325904707039
chrom_hmm_E6E7,pca100,random_forest,3,100.0,0.8473629133988799,0.6430894308943089,0.6417711634743465
chrom_hmm_E6E7,pca100,logistic,3,100.0,0.8884964551109196,0.6871273712737128,0.6786697836492088
chrom_hmm_E6E7,pca100,elasticnet,3,100.0,0.8847745648127566,0.6967479674796748,0.6901551123773345
chrom_hmm_E6E7,pca100,svm,3,100.0,0.8528327632247601,0.663821138211382,0.6481536481536482
chrom_hmm_E6E7,pca100,mlp,3,100.0,0.861057921870989,0.663821138211382,0.659400026631665
chrom_hmm_E6E7,pca100,cnn,3,100.0,0.8471416829260808,0.6849593495934959,0.6744683519766473
chrom_hmm_E6E7,pca200,xgboost,3,200.0,0.8750043080898912,0.6860433604336044,0.6779161000104613
chrom_hmm_E6E7,pca200,random_forest,3,200.0,0.8437059672050049,0.6612466124661247,0.6542846148205101
chrom_hmm_E6E7,pca200,logistic,3,200.0,0.9013166196284996,0.7230352303523034,0.7222863118127235
chrom_hmm_E6E7,pca200,elasticnet,3,200.0,0.8964986455477645,0.6982384823848239,0.6910364145658264
chrom_hmm_E6E7,pca200,svm,3,200.0,0.8567329972181247,0.6734417344173441,0.6598721420807311
chrom_hmm_E6E7,pca200,mlp,3,200.0,0.8912403762604321,0.7230352303523034,0.7147831592276037
chrom_hmm_E6E7,pca200,cnn,3,200.0,0.8500599296934698,0.6275067750677507,0.6317187288708587
chrom_hmm_E6E7,pca300,xgboost,3,300.0,0.8738791341759041,0.7208672086720868,0.6980759265902504
chrom_hmm_E6E7,pca300,random_forest,3,300.0,0.8485033293442573,0.6620596205962059,0.6415097243383379
chrom_hmm_E6E7,pca300,logistic,3,300.0,0.8914445825278468,0.6856368563685638,0.6839363496175519
chrom_hmm_E6E7,pca300,elasticnet,3,300.0,0.8887570688224143,0.6856368563685638,0.6832557153740842
chrom_hmm_E6E7,pca300,svm,3,300.0,0.8656790803271192,0.6734417344173441,0.6598721420807311
chrom_hmm_E6E7,pca300,mlp,3,300.0,0.8875602009955478,0.7037940379403794,0.7006409925933563
chrom_hmm_E6E7,pca300,cnn,3,300.0,0.8063573841689812,0.5775067750677506,0.4948979864981342
chrom_hmm_E6E7,pls20,xgboost,3,20.0,0.850642995279718,0.6119241192411925,0.6177794898133881
chrom_hmm_E6E7,pls20,random_forest,3,20.0,0.8495125871066774,0.6497289972899729,0.6602619736419157
chrom_hmm_E6E7,pls20,logistic,3,20.0,0.8834614300126707,0.678590785907859,0.6829308598376232
chrom_hmm_E6E7,pls20,elasticnet,3,20.0,0.881124896998763,0.688211382113821,0.6968125960061444
chrom_hmm_E6E7,pls20,svm,3,20.0,0.882226140198436,0.6619241192411924,0.6610530710329098
chrom_hmm_E6E7,pls20,mlp,3,20.0,0.8741775196853045,0.6563685636856369,0.6576719576719576
chrom_hmm_E6E7,pls20,cnn,3,20.0,0.8564356033645947,0.6548780487804878,0.6518508325306178
chrom_hmm_E6E7,pls30,xgboost,3,30.0,0.8528282960957198,0.668970189701897,0.6843346253229973
chrom_hmm_E6E7,pls30,random_forest,3,30.0,0.8430158776266717,0.6497289972899729,0.6581216177685282
chrom_hmm_E6E7,pls30,logistic,3,30.0,0.8770952425590259,0.6715447154471544,0.6775784182732073
chrom_hmm_E6E7,pls30,elasticnet,3,30.0,0.8782970031785376,0.688211382113821,0.6968125960061444
chrom_hmm_E6E7,pls30,svm,3,30.0,0.8788041930578102,0.6811653116531166,0.6892502258355918
chrom_hmm_E6E7,pls30,mlp,3,30.0,0.8781030362257503,0.6589430894308944,0.6629504306270008
chrom_hmm_E6E7,pls30,cnn,3,30.0,0.8748550404932384,0.6897018970189702,0.7005153655277724
chrom_hmm_E6E7,ae,xgboost,4,64.0,0.8270638390036336,0.6802942315137437,0.6693025288901482
chrom_hmm_E6E7,ae,random_forest,4,64.0,0.8188083036319574,0.6256291134339914,0.6207890109008839
chrom_hmm_E6E7,ae,logistic,4,64.0,0.8205815050487844,0.6494773519163762,0.6017281264806017
chrom_hmm_E6E7,ae,elasticnet,4,64.0,0.816313469661741,0.647289972899729,0.6085795820675689
chrom_hmm_E6E7,ae,svm,4,64.0,0.8094617195027904,0.6451025938830818,0.6123556591196196
chrom_hmm_E6E7,ae,mlp,4,64.0,0.8377365875351978,0.640340689121177,0.6118954775671194
chrom_hmm_E6E7,ae,cnn,4,64.0,0.8253793482957716,0.6397599690282617,0.5753254681826111
chrom_hmm_E6E7,ae_vae,xgboost,4,64.0,0.8150397886687198,0.6244483159117306,0.6110736999625889
chrom_hmm_E6E7,ae_vae,random_forest,4,64.0,0.8137526731934471,0.6548006194347658,0.6425044091710758
chrom_hmm_E6E7,ae_vae,logistic,4,64.0,0.8133741476660887,0.6731707317073171,0.6369730353776336
chrom_hmm_E6E7,ae_vae,elasticnet,4,64.0,0.8088401443136876,0.6738675958188153,0.6307203907203908
chrom_hmm_E6E7,ae_vae,svm,4,64.0,0.8044788655651667,0.647289972899729,0.6068091168091169
chrom_hmm_E6E7,ae_vae,mlp,4,64.0,0.8242772664515954,0.672783584978707,0.626003890387452
chrom_hmm_E6E7,ae_vae,cnn,4,64.0,0.8207674317892338,0.6561169183120402,0.6107625277619331
chrom_hmm_E6E7,chrom_hmm,xgboost,4,2.0,0.6160302647839043,0.4574332171893148,0.4519802310826153
chrom_hmm_E6E7,chrom_hmm,random_forest,4,2.0,0.5967004977862133,0.423015873015873,0.4164010486906133
chrom_hmm_E6E7,chrom_hmm,logistic,4,2.0,0.58257183153531,0.4126596980255516,0.3484290593405996
chrom_hmm_E6E7,chrom_hmm,elasticnet,4,2.0,0.5877937162406258,0.414847077042199,0.340164918656423
chrom_hmm_E6E7,chrom_hmm,svm,4,2.0,0.6507096779268658,0.4226480836236934,0.4039691813839647
chrom_hmm_E6E7,chrom_hmm,mlp,4,2.0,0.6376491790894697,0.4385017421602787,0.4292103620962681
chrom_hmm_E6E7,chrom_hmm,cnn,4,2.0,0.6391129388500888,0.4276035617499031,0.3862467023600768
chrom_hmm_E6E7,none,xgboost,4,50775.0,0.9031229863558008,0.6764034068912118,0.684675732951595
chrom_hmm_E6E7,none,random_forest,4,50775.0,0.8784981702228508,0.6881145954316685,0.6976556776556776
chrom_hmm_E6E7,none,logistic,4,50775.0,0.916542813771271,0.7162795199380566,0.7309287641401347
chrom_hmm_E6E7,none,elasticnet,4,50775.0,0.9100805667379024,0.7667828106852497,0.7576078845348816
chrom_hmm_E6E7,none,svm,4,50775.0,0.8802591671190005,0.7342624854819976,0.7163732006914131
chrom_hmm_E6E7,none,mlp,4,50775.0,0.8894507310421614,0.5357142857142857,0.5529060998281244
chrom_hmm_E6E7,none,cnn,4,,,,
chrom_hmm_E6E7,pca100,xgboost,4,100.0,0.8809113933113145,0.693283004258614,0.6881010714155118
chrom_hmm_E6E7,pca100,random_forest,4,100.0,0.8672795750186886,0.6781068524970965,0.6713640833109858
chrom_hmm_E6E7,pca100,logistic,4,100.0,0.922379990038468,0.7966511807975222,0.7661956993245337
chrom_hmm_E6E7,pca100,elasticnet,4,100.0,0.9223612475847888,0.7863337204800619,0.7637784979248393
chrom_hmm_E6E7,pca100,svm,4,100.0,0.8976005431971478,0.7634146341463414,0.7440187676916515
chrom_hmm_E6E7,pca100,mlp,4,100.0,0.8745344692986287,0.6482384823848238,0.6499999999999999
chrom_hmm_E6E7,pca100,cnn,4,100.0,0.8009090209148426,0.5830429732868757,0.5955479473067413
chrom_hmm_E6E7,pca200,xgboost,4,200.0,0.8843624415749379,0.690301974448316,0.6834693065329899
chrom_hmm_E6E7,pca200,random_forest,4,200.0,0.8358708146966851,0.654123112659698,0.6367613862566665
chrom_hmm_E6E7,pca200,logistic,4,200.0,0.9109225745502348,0.7461478900503291,0.7494494269006428
chrom_hmm_E6E7,pca200,elasticnet,4,200.0,0.912872911952733,0.7620209059233449,0.7607556044092889
chrom_hmm_E6E7,pca200,svm,4,200.0,0.8991498769510011,0.7689701897018969,0.7512717770034844
chrom_hmm_E6E7,pca200,mlp,4,200.0,0.8902754036117534,0.6992257065427797,0.7040214770984002
chrom_hmm_E6E7,pca200,cnn,4,200.0,0.8763205613421493,0.7112272551296942,0.6911915015790985
chrom_hmm_E6E7,pca300,xgboost,4,300.0,0.8728208381286002,0.6463608207510646,0.6428304993768025
chrom_hmm_E6E7,pca300,random_forest,4,300.0,0.8225164340110919,0.6382694541231126,0.6126013916118863
chrom_hmm_E6E7,pca300,logistic,4,300.0,0.9126309162776686,0.752787456445993,0.7598906687007373
chrom_hmm_E6E7,pca300,elasticnet,4,300.0,0.9115412390459572,0.7202477739063106,0.7219224531918029
chrom_hmm_E6E7,pca300,svm,4,300.0,0.9001477726383108,0.7412891986062718,0.7323605596841879
chrom_hmm_E6E7,pca300,mlp,4,300.0,0.9011273392903982,0.6970383275261324,0.707749766573296
chrom_hmm_E6E7,pca300,cnn,4,300.0,0.7828957704346856,0.5550716221447929,0.5592370979805534
chrom_hmm_E6E7,pls20,xgboost,4,20.0,0.9100838812421964,0.6652922957801007,0.6847629904056237
chrom_hmm_E6E7,pls20,random_forest,4,20.0,0.9097677036199572,0.6631049167634534,0.67784911717496
chrom_hmm_E6E7,pls20,logistic,4,20.0,0.9185930244261604,0.7004065040650406,0.7188752319322131
chrom_hmm_E6E7,pls20,elasticnet,4,20.0,0.9186816424419432,0.7122144792876499,0.730038225809896
chrom_hmm_E6E7,pls20,svm,4,20.0,0.9226599741345728,0.7195509097948122,0.7373376623376623
chrom_hmm_E6E7,pls20,mlp,4,20.0,0.9213573840447058,0.7162795199380566,0.7372171531393811
chrom_hmm_E6E7,pls20,cnn,4,20.0,0.9128438334984332,0.6875145180023229,0.7008526301076271
chrom_hmm_E6E7,pls30,xgboost,4,30.0,0.9081504456646062,0.6575493612078978,0.6703826823251579
chrom_hmm_E6E7,pls30,random_forest,4,30.0,0.9058369724990532,0.6727255129694155,0.6882818701924392
chrom_hmm_E6E7,pls30,logistic,4,30.0,0.9188858428271884,0.7059620596205963,0.7213829584445292
chrom_hmm_E6E7,pls30,elasticnet,4,30.0,0.9193601634010128,0.7273906310491677,0.7439212787849803
chrom_hmm_E6E7,pls30,svm,4,30.0,0.9168041563909338,0.7276809910956251,0.7495329965673916
chrom_hmm_E6E7,pls30,mlp,4,30.0,0.9227448387382046,0.7037746806039489,0.7200085538626037
chrom_hmm_E6E7,pls30,cnn,4,30.0,0.9160175602788472,0.670150987224158,0.6779727095516569
differential_methylation,ae,xgboost,0,64.0,0.8202828217606619,0.5412101825936292,0.5434215887194851
differential_methylation,ae,random_forest,0,64.0,0.8455311179102055,0.6133413301346128,0.6048840870839894
differential_methylation,ae,logistic,0,64.0,0.8938940030192418,0.7245435159269625,0.6768428298757784
differential_methylation,ae,elasticnet,0,64.0,0.8891102673285225,0.7123483939757431,0.6633564109664912
differential_methylation,ae,svm,0,64.0,0.8749491547016982,0.69400906304145,0.6595581960746429
differential_methylation,ae,mlp,0,64.0,0.8840829888316776,0.7334866053578569,0.6678132199184831
differential_methylation,ae,cnn,0,64.0,0.874143234317204,0.7186725309876049,0.6813365573970828
differential_methylation,ae_vae,xgboost,0,64.0,0.8205557994633215,0.6133413301346128,0.6063778925224709
differential_methylation,ae_vae,random_forest,0,64.0,0.8362665584263219,0.6190790350526455,0.6057487569855792
differential_methylation,ae_vae,logistic,0,64.0,0.8765192816282186,0.6623483939757431,0.6323980766750797
differential_methylation,ae_vae,elasticnet,0,64.0,0.874204677171203,0.656883913101426,0.6259255847656946
differential_methylation,ae_vae,svm,0,64.0,0.8692603706672589,0.6692123150739704,0.6381231671554253
differential_methylation,ae_vae,mlp,0,64.0,0.8767716820519228,0.6820871651339463,0.6387028739969917
differential_methylation,ae_vae,cnn,0,64.0,0.873772669107607,0.6550313208050113,0.6061670113675053
differential_methylation,chrom_hmm,xgboost,0,15.0,0.8355223322794464,0.6195255231240836,0.6196934580168113
differential_methylation,chrom_hmm,random_forest,0,15.0,0.8714346125860605,0.6364654138344662,0.6345290122634771
differential_methylation,chrom_hmm,logistic,0,15.0,0.8784235375564857,0.67119818739171,0.6571516394858086
differential_methylation,chrom_hmm,elasticnet,0,15.0,0.8750209796518069,0.67119818739171,0.6571516394858086
differential_methylation,chrom_hmm,svm,0,15.0,0.8930462800567046,0.7507397041183527,0.6976526174160643
differential_methylation,chrom_hmm,mlp,0,15.0,0.8658761690801162,0.5027322404371585,0.4777197912484945
differential_methylation,chrom_hmm,cnn,0,15.0,0.8582945518090414,0.6657337065173929,0.6544806304048172
differential_methylation,none,xgboost,0,5000.0,0.9262821707975673,0.7681660669065707,0.7841634738186464
differential_methylation,none,random_forest,0,5000.0,0.9283884648881788,0.6983873117419699,0.7022289257583375
differential_methylation,none,logistic,0,5000.0,0.925674830104692,0.7048447287751567,0.7052502443183001
differential_methylation,none,elasticnet,0,5000.0,0.9125204222709012,0.6772491003598561,0.6775101513473606
differential_methylation,none,svm,0,5000.0,0.925083321537289,0.7405304544848726,0.7137755937755937
differential_methylation,none,mlp,0,5000.0,0.8526296273899193,0.5730374516859923,0.5276080609556363
differential_methylation,none,cnn,0,5000.0,0.8550019690261633,0.5691123550579769,0.5482600732600732
differential_methylation,pca100,xgboost,0,100.0,0.913292560257173,0.6619818739170998,0.6647432411566064
differential_methylation,pca100,random_forest,0,100.0,0.911067498134436,0.7253032120485138,0.740623973727422
differential_methylation,pca100,logistic,0,100.0,0.9235410807297084,0.7262561642009863,0.7098285797499427
differential_methylation,pca100,elasticnet,0,100.0,0.9219469928289667,0.7262561642009863,0.7098285797499427
differential_methylation,pca100,svm,0,100.0,0.9187097001946226,0.7388577902172465,0.7208152958152958
differential_methylation,pca100,mlp,0,100.0,0.9084252839145652,0.6755764360922297,0.6794122057279952
differential_methylation,pca100,cnn,0,100.0,0.8441758332630741,0.6456817273090764,0.6210261665010234
differential_methylation,pca200,xgboost,0,200.0,0.9231445153536448,0.7419698787151806,0.7485858214829196
differential_methylation,pca200,random_forest,0,200.0,0.9002700754029634,0.7034452885512462,0.7075975975975975
differential_methylation,pca200,logistic,0,200.0,0.9178362577908642,0.7010529121684659,0.6947482342219184
differential_methylation,pca200,elasticnet,0,200.0,0.9193259158663846,0.6929228308676528,0.6861165899627437
differential_methylation,pca200,svm,0,200.0,0.9213653111003972,0.742922830867653,0.7254047313151054
differential_methylation,pca200,mlp,0,200.0,0.9099625882896888,0.72796881247501,0.7367087039201848
differential_methylation,pca200,cnn,0,200.0,0.7987258849678588,0.5434359589497535,0.4386414602151984
differential_methylation,pca300,xgboost,0,300.0,0.90448137341563,0.68817806210849,0.6921953453803807
differential_methylation,pca300,random_forest,0,300.0,0.898796971842394,0.7161801945888312,0.7161221795368137
differential_methylation,pca300,logistic,0,300.0,0.921217291971474,0.682713581234173,0.6859219962668238
differential_methylation,pca300,elasticnet,0,300.0,0.9201729263722768,0.6884512861522057,0.6906585162071376
differential_methylation,pca300,svm,0,300.0,0.9240425761261872,0.742922830867653,0.7254047313151054
differential_methylation,pca300,mlp,0,300.0,0.909192775974168,0.6993802479008396,0.7030160133608409
differential_methylation,pca300,cnn,0,300.0,0.9110209145127204,0.5918365986938557,0.5803668174802196
differential_methylation,pls20,xgboost,0,20.0,0.8734841736782138,0.6160469145675064,0.6181353767560664
differential_methylation,pls20,random_forest,0,20.0,0.8669858112688823,0.6393042782886845,0.6454278715443215
differential_methylation,pls20,logistic,0,20.0,0.9170613801021767,0.6967146474743436,0.6962111160253576
differential_methylation,pls20,elasticnet,0,20.0,0.9167318365501838,0.6745834999333601,0.6757105943152455
differential_methylation,pls20,svm,0,20.0,0.915559327541724,0.7075103292016527,0.7142981312472837
differential_methylation,pls20,mlp,0,20.0,0.9023274324670106,0.6576436092229775,0.660566448801743
differential_methylation,pls20,cnn,0,20.0,0.8774075459865195,0.685379181660669,0.6930917692597172
differential_methylation,pls30,xgboost,0,30.0,0.8734630182981561,0.6038517926162869,0.6057300592184313
differential_methylation,pls30,random_forest,0,30.0,0.8736749939819038,0.6229108356657337,0.6278154956997463
differential_methylation,pls30,logistic,0,30.0,0.9185925799638484,0.6741769958683194,0.680166324903167
differential_methylation,pls30,elasticnet,0,30.0,0.9184697949379004,0.6701119552179128,0.6757273715261606
differential_methylation,pls30,svm,0,30.0,0.9179023197681092,0.6577835532453685,0.6676869733030714
differential_methylation,pls30,mlp,0,30.0,0.9008223001187906,0.68817806210849,0.6934266018794552
differential_methylation,pls30,cnn,0,30.0,0.9015301666777024,0.7045715047314407,0.721153733870497
differential_methylation,ae,xgboost,1,64.0,0.8211436314884087,0.6181392235609103,0.6134612772325453
differential_methylation,ae,random_forest,1,64.0,0.815275501603581,0.5934404283801874,0.5898257650988534
differential_methylation,ae,logistic,1,64.0,0.8613826762455257,0.6616465863453815,0.6373521144163345
differential_methylation,ae,elasticnet,1,64.0,0.8613537886581518,0.6742971887550201,0.6436292752082226
differential_methylation,ae,svm,1,64.0,0.8491884050107235,0.6440428380187416,0.6187073347857662
differential_methylation,ae,mlp,1,64.0,0.8526252996688135,0.6545515394912985,0.6349448816813592
differential_methylation,ae,cnn,1,64.0,0.8592592914487288,0.6897590361445783,0.6630476589045328
differential_methylation,ae_vae,xgboost,1,64.0,0.8134336574578122,0.5959170013386881,0.5918338926557541
differential_methylation,ae_vae,random_forest,1,64.0,0.8192722788772034,0.6014725568942436,0.5979390979390979
differential_methylation,ae_vae,logistic,1,64.0,0.8565634957055006,0.6607095046854082,0.6291715201589237
differential_methylation,ae_vae,elasticnet,1,64.0,0.8543435163697768,0.6607095046854082,0.6291715201589237
differential_methylation,ae_vae,svm,1,64.0,0.8370089496420062,0.6313922356091031,0.6115346022630791
differential_methylation,ae_vae,mlp,1,64.0,0.8556215254118517,0.6736947791164658,0.6553857762686285
differential_methylation,ae_vae,cnn,1,64.0,0.8490348157970103,0.6360107095046854,0.6080576374694021
differential_methylation,chrom_hmm,xgboost,1,15.0,0.8622598480008703,0.6786479250334673,0.6741402817754887
differential_methylation,chrom_hmm,random_forest,1,15.0,0.8764950561973607,0.70334672021419,0.7023124083699853
differential_methylation,chrom_hmm,logistic,1,15.0,0.8708202136629438,0.6937751004016065,0.6748917920378119
differential_methylation,chrom_hmm,elasticnet,1,15.0,0.8733723621941542,0.6937751004016065,0.6741646845622382
differential_methylation,chrom_hmm,svm,1,15.0,0.8775165375103965,0.7190763052208835,0.6870743464923189
differential_methylation,chrom_hmm,mlp,1,15.0,0.9066286759730438,0.7190763052208835,0.7017416492662584
differential_methylation,chrom_hmm,cnn,1,15.0,0.8236218290683724,0.5114457831325301,0.389236111111111
differential_methylation,none,xgboost,1,5000.0,0.9244810606855874,0.7283801874163319,0.7444101987712536
differential_methylation,none,random_forest,1,5000.0,0.9121651814218196,0.7052208835341366,0.7201816655910949
differential_methylation,none,logistic,1,5000.0,0.919214253760692,0.7450468540829985,0.7586829558135154
differential_methylation,none,elasticnet,1,5000.0,0.9162297605112552,0.7314591700133869,0.7402814923621985
differential_methylation,none,svm,1,5000.0,0.9116310422398852,0.7018072289156626,0.6949083220685591
differential_methylation,none,mlp,1,5000.0,0.8851696963698368,0.610776439089692,0.5671821823977944
differential_methylation,none,cnn,1,5000.0,0.7719141883123051,0.3333333333333333,0.179372197309417
differential_methylation,pca100,xgboost,1,100.0,0.8802652811440388,0.6718875502008032,0.6734324292591287
differential_methylation,pca100,random_forest,1,100.0,0.8888434943521796,0.6836010709504685,0.692739898989899
differential_methylation,pca100,logistic,1,100.0,0.9154130996568708,0.795649263721553,0.7829792174619761
differential_methylation,pca100,elasticnet,1,100.0,0.9150219237554014,0.7971887550200804,0.7846859398583536
differential_methylation,pca100,svm,1,100.0,0.914157617184287,0.7249665327978582,0.7265170025301461
differential_methylation,pca100,mlp,1,100.0,0.9212346023376554,0.7329986613119144,0.7387794194508635
differential_methylation,pca100,cnn,1,100.0,0.8755178270735646,0.7070281124497994,0.6862026862026861
differential_methylation,pca200,xgboost,1,200.0,0.877723331372881,0.6360776439089691,0.6359603627390887
differential_methylation,pca200,random_forest,1,200.0,0.8821489644049301,0.6755689424364123,0.6800485685071574
differential_methylation,pca200,logistic,1,200.0,0.9135632147709584,0.7147925033467203,0.7223803499894581
differential_methylation,pca200,elasticnet,1,200.0,0.912831159203542,0.7456492637215528,0.7506298540679969
differential_methylation,pca200,svm,1,200.0,0.9178133029095128,0.7345381526104418,0.7382876699840857
differential_methylation,pca200,mlp,1,200.0,0.9210501384995476,0.7323962516733601,0.754150940565518
differential_methylation,pca200,cnn,1,200.0,0.8658983684074336,0.6193440428380187,0.6080622809162795
differential_methylation,pca300,xgboost,1,300.0,0.8809209681416957,0.6795850066934405,0.6810649387336504
differential_methylation,pca300,random_forest,1,300.0,0.874750843848838,0.7165997322623828,0.7128032700421941
differential_methylation,pca300,logistic,1,300.0,0.9199505333439127,0.7576974564926372,0.771425768556328
differential_methylation,pca300,elasticnet,1,300.0,0.9169315356340154,0.7663319946452476,0.7731908800918323
differential_methylation,pca300,svm,1,300.0,0.919532345554395,0.7178714859437751,0.7222338663390985
differential_methylation,pca300,mlp,1,300.0,0.9055167361913766,0.7465863453815261,0.7680163314791043
differential_methylation,pca300,cnn,1,300.0,0.8878073454339684,0.7091700133868809,0.672187533840981
differential_methylation,pls20,xgboost,1,20.0,0.8775162921130285,0.663855421686747,0.6680798816568047
differential_methylation,pls20,random_forest,1,20.0,0.8785566610706977,0.6481258366800535,0.6455505279034691
differential_methylation,pls20,logistic,1,20.0,0.9065446955404846,0.6910307898259705,0.7010601283459929
differential_methylation,pls20,elasticnet,1,20.0,0.9033209319046844,0.685475234270415,0.6940123781164242
differential_methylation,pls20,svm,1,20.0,0.913898985400038,0.7228246318607764,0.7361878891854111
differential_methylation,pls20,mlp,1,20.0,0.9002214836215888,0.6925702811244979,0.7034207382254921
differential_methylation,pls20,cnn,1,20.0,0.8882722047353875,0.6894912985274431,0.7003814445674911
differential_methylation,pls30,xgboost,1,30.0,0.8799546160290106,0.6471887550200803,0.6493879142300195
differential_methylation,pls30,random_forest,1,30.0,0.87678373154964,0.6496653279785809,0.647251461988304
differential_methylation,pls30,logistic,1,30.0,0.903728291535345,0.7021419009370816,0.7109363856796463
differential_methylation,pls30,elasticnet,1,30.0,0.9017666940421064,0.7188085676037484,0.7296607141300843
differential_methylation,pls30,svm,1,30.0,0.9156029860951488,0.7172690763052209,0.7286074273389284
differential_methylation,pls30,mlp,1,30.0,0.8948633616094722,0.6814591700133869,0.6912091752446309
differential_methylation,pls30,cnn,1,30.0,0.8909230984407905,0.6712851405622491,0.6772788420604513
differential_methylation,ae,xgboost,2,64.0,0.8625990967477902,0.6845195255231241,0.6772335870762118
differential_methylation,ae,random_forest,2,64.0,0.8567980354922441,0.649920031987205,0.6468444167790574
differential_methylation,ae,logistic,2,64.0,0.9072166787836076,0.7623883779821404,0.726883299314305
differential_methylation,ae,elasticnet,2,64.0,0.9060867923619554,0.7623883779821404,0.7261549049780219
differential_methylation,ae,svm,2,64.0,0.9032841478606964,0.723863787818206,0.6930419792943333
differential_methylation,ae,mlp,2,64.0,0.8888936653130322,0.663927762228442,0.6555806938159879
differential_methylation,ae,cnn,2,64.0,0.8941498700528423,0.6751299480207917,0.6614913492741548
differential_methylation,ae_vae,xgboost,2,64.0,0.8406689194118013,0.6347927495668398,0.6329720006627062
differential_methylation,ae_vae,random_forest,2,64.0,0.8440424078873274,0.6461282153805145,0.640377370380206
differential_methylation,ae_vae,logistic,2,64.0,0.8963896302488971,0.6826735972277755,0.6549387081565299
differential_methylation,ae_vae,elasticnet,2,64.0,0.8957125240699392,0.6786085565773691,0.6506346788525006
differential_methylation,ae_vae,svm,2,64.0,0.8821873804254707,0.6936025589764094,0.6671737282448212
differential_methylation,ae_vae,mlp,2,64.0,0.8829921634919898,0.6929228308676528,0.6816312329469502
differential_methylation,ae_vae,cnn,2,64.0,0.8900263910023405,0.7007397041183526,0.6664866632065295
differential_methylation,chrom_hmm,xgboost,2,15.0,0.841772860390642,0.6464414234306277,0.6477943536940297
differential_methylation,chrom_hmm,random_forest,2,15.0,0.8594299852024866,0.6331200852992137,0.6316498316498316
differential_methylation,chrom_hmm,logistic,2,15.0,0.8965936853180647,0.6930561108889778,0.6800128883462216
differential_methylation,chrom_hmm,elasticnet,2,15.0,0.8987390562444201,0.7137878182060509,0.6969486275041831
differential_methylation,chrom_hmm,svm,2,15.0,0.9000379099900075,0.708323337331734,0.6892857142857144
differential_methylation,chrom_hmm,mlp,2,15.0,0.8683392157337219,0.6977942156470744,0.6685942547943026
differential_methylation,chrom_hmm,cnn,2,15.0,0.894573278447964,0.7281020924963348,0.7294118244048978
differential_methylation,none,xgboost,2,5000.0,0.922647750659814,0.6781020924963349,0.6808080808080809
differential_methylation,none,random_forest,2,5000.0,0.9177124423052848,0.7042982806877248,0.7109200952932845
differential_methylation,none,logistic,2,5000.0,0.9312834234413316,0.7556977209116353,0.7598865377448342
differential_methylation,none,elasticnet,2,5000.0,0.9366484377263072,0.8390310542449687,0.818358090563326
differential_methylation,none,svm,2,5000.0,0.9247757787223048,0.8104424896707983,0.7768361581920904
differential_methylation,none,mlp,2,5000.0,0.9340939160660944,0.704025056644009,0.7252571312762831
differential_methylation,none,cnn,2,5000.0,0.8072305655288149,0.4908769825403172,0.4725657012184526
differential_methylation,pca100,xgboost,2,100.0,0.936251551081436,0.7570971611355457,0.7611978411804491
differential_methylation,pca100,random_forest,2,100.0,0.914596772386075,0.6682993469278955,0.6698445926575034
differential_methylation,pca100,logistic,2,100.0,0.9320401368021536,0.8240370518459282,0.7964299643908196
differential_methylation,pca100,elasticnet,2,100.0,0.9323591678620908,0.7992403038784487,0.77365059183241
differential_methylation,pca100,svm,2,100.0,0.919113243699749,0.779774756763961,0.7571101435252379
differential_methylation,pca100,mlp,2,100.0,0.918672461339316,0.7421031587365055,0.7421031587365055
differential_methylation,pca100,cnn,2,100.0,0.8827073976641601,0.6151939224310276,0.6164800837339466
differential_methylation,pca200,xgboost,2,200.0,0.9139438865179942,0.7097627615620419,0.7179814488669719
differential_methylation,pca200,random_forest,2,200.0,0.8767772983504991,0.7131080900972945,0.7057605650956035
differential_methylation,pca200,logistic,2,200.0,0.929778565286715,0.8030321204851393,0.7919524365976743
differential_methylation,pca200,elasticnet,2,200.0,0.9309652823091892,0.8016326802612288,0.7887758763626466
differential_methylation,pca200,svm,2,200.0,0.9157479499985636,0.7740370518459283,0.7582630804228557
differential_methylation,pca200,mlp,2,200.0,0.9312160386880826,0.7226376116220178,0.7268591189607437
differential_methylation,pca200,cnn,2,200.0,0.8987419734179852,0.6374916699986671,0.6247175588639003
differential_methylation,pca300,xgboost,2,300.0,0.9057287400867616,0.6688457950153271,0.6687129744639554
differential_methylation,pca300,random_forest,2,300.0,0.8583283731602181,0.7090430494468879,0.701619778346121
differential_methylation,pca300,logistic,2,300.0,0.933610949381896,0.790430494468879,0.7834153938304883
differential_methylation,pca300,elasticnet,2,300.0,0.9347424436028212,0.8016326802612288,0.7887758763626466
differential_methylation,pca300,svm,2,300.0,0.9148929663880546,0.7740370518459283,0.7582630804228557
differential_methylation,pca300,mlp,2,300.0,0.9298797849282232,0.7335665733706517,0.7416969696969696
differential_methylation,pca300,cnn,2,300.0,0.9054399802443068,0.713514594162335,0.7005916138805542
differential_methylation,pls20,xgboost,2,20.0,0.9115029858542912,0.6740370518459283,0.6889722430607653
differential_methylation,pls20,random_forest,2,20.0,0.8995351887430351,0.6846927895508462,0.6947496947496946
differential_methylation,pls20,logistic,2,20.0,0.9267945669634666,0.7597627615620418,0.7695892255892257
differential_methylation,pls20,elasticnet,2,20.0,0.926286065179266,0.7430960948953752,0.7539827882960412
differential_methylation,pls20,svm,2,20.0,0.93315521974738,0.7209649473543916,0.7320105820105821
differential_methylation,pls20,mlp,2,20.0,0.924588614852248,0.7209649473543916,0.7360781415300783
differential_methylation,pls20,cnn,2,20.0,0.9230149617188266,0.7250299880047981,0.7399997101575293
differential_methylation,pls30,xgboost,2,30.0,0.9116082505452248,0.6478408636545382,0.6538820366856419
differential_methylation,pls30,random_forest,2,30.0,0.89974320283347,0.6792283086765294,0.6852229430542683
differential_methylation,pls30,logistic,2,30.0,0.9225309680100312,0.7097627615620419,0.7199396301192708
differential_methylation,pls30,elasticnet,2,30.0,0.924217132911433,0.6930960948953752,0.7017195767195767
differential_methylation,pls30,svm,2,30.0,0.9212784552170366,0.6876316140210582,0.7026270031486442
differential_methylation,pls30,mlp,2,30.0,0.9145804915063224,0.6781020924963349,0.6858873136788769
differential_methylation,pls30,cnn,2,30.0,0.9185353837264314,0.6873583899773424,0.6972499929258169
differential_methylation,ae,xgboost,3,64.0,0.8484912096255731,0.646070460704607,0.6351301390121266
differential_methylation,ae,random_forest,3,64.0,0.8283321929290821,0.6168021680216801,0.6149004124737188
differential_methylation,ae,logistic,3,64.0,0.8336409384357583,0.6338753387533875,0.6117038933940342
differential_methylation,ae,elasticnet,3,64.0,0.8320560150851439,0.6090785907859079,0.5930252539200344
differential_methylation,ae,svm,3,64.0,0.816964579736242,0.5953929539295393,0.5800673400673401
differential_methylation,ae,mlp,3,64.0,0.84525364031257,0.6424119241192412,0.6191856101156418
differential_methylation,ae,cnn,3,64.0,0.8242671522786754,0.567479674796748,0.5766991953432631
differential_methylation,ae_vae,xgboost,3,64.0,0.8180651400030984,0.6142276422764227,0.6088465011644302
differential_methylation,ae_vae,random_forest,3,64.0,0.8034729799969913,0.6223577235772358,0.6142310490136578
differential_methylation,ae_vae,logistic,3,64.0,0.801015156243802,0.5913279132791328,0.5682057057057057
differential_methylation,ae_vae,elasticnet,3,64.0,0.8022760279729283,0.6009485094850949,0.5779304684030346
differential_methylation,ae_vae,svm,3,64.0,0.7785379241012791,0.6009485094850949,0.5845695254456952
differential_methylation,ae_vae,mlp,3,64.0,0.8080366925769505,0.6417344173441735,0.6018117250511618
differential_methylation,ae_vae,cnn,3,64.0,0.7907587402303186,0.5691056910569106,0.5686837504919477
differential_methylation,chrom_hmm,xgboost,3,15.0,0.822322917391698,0.602710027100271,0.6044135612980844
differential_methylation,chrom_hmm,random_forest,3,15.0,0.8178188725583748,0.6112466124661246,0.6090534979423868
differential_methylation,chrom_hmm,logistic,3,15.0,0.8177109972390803,0.5768292682926829,0.5776885834724713
differential_methylation,chrom_hmm,elasticnet,3,15.0,0.8187213402098119,0.6101626016260163,0.5993640180226917
differential_methylation,chrom_hmm,svm,3,15.0,0.8298517418341816,0.6298102981029811,0.6064935064935065
differential_methylation,chrom_hmm,mlp,3,15.0,0.8368231527696387,0.6067750677506775,0.6027439447009614
differential_methylation,chrom_hmm,cnn,3,15.0,0.8291481526386653,0.6116531165311654,0.5880489101541734
differential_methylation,none,xgboost,3,5000.0,0.8753731619751989,0.667479674796748,0.6650542244763837
differential_methylation,none,random_forest,3,5000.0,0.8526641910819827,0.6275067750677507,0.6266534138695619
differential_methylation,none,logistic,3,5000.0,0.8873940892819587,0.668970189701897,0.6657932202458579
differential_methylation,none,elasticnet,3,5000.0,0.8865208053143774,0.6901084010840108,0.6807213054896076
differential_methylation,none,svm,3,5000.0,0.8728680661737576,0.6941734417344173,0.6756669081783871
differential_methylation,none,mlp,3,5000.0,0.8563600223478071,0.6864498644986451,0.6221852233805069
differential_methylation,none,cnn,3,5000.0,0.8203933281393018,0.524390243902439,0.4695071010860484
differential_methylation,pca100,xgboost,3,100.0,0.8601905129966791,0.6178861788617885,0.6165238987324877
differential_methylation,pca100,random_forest,3,100.0,0.8426909770167849,0.6319783197831979,0.6298001153180857
differential_methylation,pca100,logistic,3,100.0,0.8913888673718274,0.702710027100271,0.6880804009135684
differential_methylation,pca100,elasticnet,3,100.0,0.8912956797857126,0.702710027100271,0.6831913360147612
differential_methylation,pca100,svm,3,100.0,0.8699643200346667,0.6915989159891599,0.676930658522811
differential_methylation,pca100,mlp,3,100.0,0.8612698836357322,0.6745257452574526,0.6763855861164306
differential_methylation,pca100,cnn,3,100.0,0.85496874319406,0.7168021680216802,0.709067089368047
differential_methylation,pca200,xgboost,3,200.0,0.8556638658936989,0.65420054200542,0.649811038377131
differential_methylation,pca200,random_forest,3,200.0,0.8256426982507191,0.6153116531165311,0.6150341559548721
differential_methylation,pca200,logistic,3,200.0,0.8894636610512748,0.6841463414634146,0.6812542722922758
differential_methylation,pca200,elasticnet,3,200.0,0.8895231697587619,0.6730352303523035,0.6694773825208609
differential_methylation,pca200,svm,3,200.0,0.874048225534727,0.6815718157181573,0.673231233083222
differential_methylation,pca200,mlp,3,200.0,0.8819864869112651,0.6926829268292684,0.6947116896183111
differential_methylation,pca200,cnn,3,200.0,0.8475348464130872,0.6789972899728998,0.6495006185263331
differential_methylation,pca300,xgboost,3,300.0,0.8625429592807389,0.6845528455284553,0.6813020093652504
differential_methylation,pca300,random_forest,3,300.0,0.8325115967605411,0.6172086720867208,0.6121329923273657
differential_methylation,pca300,logistic,3,300.0,0.8903271220125899,0.6926829268292684,0.6872524203812548
differential_methylation,pca300,elasticnet,3,300.0,0.8924822802322195,0.6871273712737128,0.6786697836492088
differential_methylation,pca300,svm,3,300.0,0.8786678076322326,0.7037940379403794,0.6932127316956178
differential_methylation,pca300,mlp,3,300.0,0.8943821338413606,0.7008130081300813,0.7090868478251532
differential_methylation,pca300,cnn,3,300.0,0.7838265605108411,0.5547425474254742,0.4767614520758442
differential_methylation,pls20,xgboost,3,20.0,0.8337459978265898,0.6304878048780488,0.6304878048780488
differential_methylation,pls20,random_forest,3,20.0,0.8276332860332193,0.6430894308943089,0.6424365942028986
differential_methylation,pls20,logistic,3,20.0,0.8693562385257931,0.6493224932249322,0.6513227513227514
differential_methylation,pls20,elasticnet,3,20.0,0.8689195591210263,0.6493224932249322,0.6513227513227514
differential_methylation,pls20,svm,3,20.0,0.8642221694586457,0.6371273712737127,0.6374902874902874
differential_methylation,pls20,mlp,3,20.0,0.8637056757891521,0.6345528455284554,0.6333039388594943
differential_methylation,pls20,cnn,3,20.0,0.8514942149041761,0.6285907859078591,0.6318038686459738
differential_methylation,pls30,xgboost,3,30.0,0.83126268571095,0.6319783197831979,0.6314494294858951
differential_methylation,pls30,random_forest,3,30.0,0.8288692096652395,0.6375338753387534,0.6395453770837206
differential_methylation,pls30,logistic,3,30.0,0.8692692581441142,0.6285907859078591,0.6302568636786143
differential_methylation,pls30,elasticnet,3,30.0,0.8709706449280731,0.6397018970189702,0.6412570975461253
differential_methylation,pls30,svm,3,30.0,0.8610331398294652,0.6134146341463415,0.6147800360174942
differential_methylation,pls30,mlp,3,30.0,0.8606653945405789,0.6330623306233062,0.6319993744926822
differential_methylation,pls30,cnn,3,30.0,0.8724857641251088,0.6533875338753387,0.664644035416197
differential_methylation,ae,xgboost,4,64.0,0.8375271472156145,0.6112466124661246,0.6080229955229955
differential_methylation,ae,random_forest,4,64.0,0.8290022611901421,0.6267324816105304,0.6150985753152937
differential_methylation,ae,logistic,4,64.0,0.8726240478059731,0.7134533488192024,0.6622194057750794
differential_methylation,ae,elasticnet,4,64.0,0.8758238138219104,0.6997677119628339,0.6475602586713697
differential_methylation,ae,svm,4,64.0,0.8640087856823877,0.6753581107239643,0.6294960313947655
differential_methylation,ae,mlp,4,64.0,0.860048038342363,0.6237708091366627,0.6084577641286314
differential_methylation,ae,cnn,4,64.0,0.8761357860363158,0.6729965156794425,0.595664257501265
differential_methylation,ae_vae,xgboost,4,64.0,0.8022660690092597,0.5982578397212543,0.5912980381728642
differential_methylation,ae_vae,random_forest,4,64.0,0.8132433560658976,0.6226674409601239,0.6113897596656217
differential_methylation,ae_vae,logistic,4,64.0,0.8550641047325868,0.647289972899729,0.6070711988433507
differential_methylation,ae_vae,elasticnet,4,64.0,0.8514857967192174,0.6417344173441735,0.6014246271527824
differential_methylation,ae_vae,svm,4,64.0,0.8479320708790482,0.6547231900890437,0.6219860879955618
differential_methylation,ae_vae,mlp,4,64.0,0.8760018671808828,0.6977932636469223,0.6219298245614034
differential_methylation,ae_vae,cnn,4,64.0,0.8499778710834902,0.6361788617886179,0.596100434906586
differential_methylation,chrom_hmm,xgboost,4,15.0,0.857202282051059,0.6478319783197831,0.6522951071171333
differential_methylation,chrom_hmm,random_forest,4,15.0,0.8497688969748323,0.6364305071622144,0.636686189627366
differential_methylation,chrom_hmm,logistic,4,15.0,0.8640524837289739,0.6824816105303911,0.6612322481076697
differential_methylation,chrom_hmm,elasticnet,4,15.0,0.8692268698201632,0.6927990708478514,0.6662023158760947
differential_methylation,chrom_hmm,svm,4,15.0,0.8801105591146307,0.6894308943089431,0.6525644021262924
differential_methylation,chrom_hmm,mlp,4,15.0,0.8631770714700399,0.5640921409214092,0.5329194273270629
differential_methylation,chrom_hmm,cnn,4,15.0,0.8778870226981713,0.6232288037166086,0.6224468864468865
differential_methylation,none,xgboost,4,5000.0,0.9052585342466154,0.7294812233836624,0.73718890248878
differential_methylation,none,random_forest,4,5000.0,0.8989987658875748,0.6889082462253193,0.6960836787881969
differential_methylation,none,logistic,4,5000.0,0.9085666373681702,0.7638985675571042,0.7747284878863826
differential_methylation,none,elasticnet,4,5000.0,0.9056856253155526,0.7491289198606271,0.7444261930427939
differential_methylation,none,svm,4,5000.0,0.905274382280916,0.718776616337592,0.7078535845787308
differential_methylation,none,mlp,4,5000.0,0.8718334898568747,0.7273906310491677,0.6882535851354142
differential_methylation,none,cnn,4,5000.0,0.7908336029376558,0.4687766163375919,0.467488718717824
differential_methylation,pca100,xgboost,4,100.0,0.8928384180499709,0.6918892760356176,0.6943817663817664
differential_methylation,pca100,random_forest,4,100.0,0.8818242517043089,0.7165892373209446,0.7133889808014673
differential_methylation,pca100,logistic,4,100.0,0.9036625917527952,0.7897018970189702,0.7738364315697218
differential_methylation,pca100,elasticnet,4,100.0,0.9020937233151106,0.7841463414634147,0.7666112890674485
differential_methylation,pca100,svm,4,100.0,0.9059812154927324,0.7387146728610143,0.7253735682307111
differential_methylation,pca100,mlp,4,100.0,0.8636971205172134,0.6818815331010453,0.6729161045698024
differential_methylation,pca100,cnn,4,100.0,0.8761658141178111,0.658246225319396,0.6679344151453686
differential_methylation,pca200,xgboost,4,200.0,0.9037737126930112,0.6681765389082462,0.6670439593538466
differential_methylation,pca200,random_forest,4,200.0,0.8746813892184814,0.7084591560201315,0.7009826270933907
differential_methylation,pca200,logistic,4,200.0,0.9093601937530056,0.7778939217963609,0.7709749148773538
differential_methylation,pca200,elasticnet,4,200.0,0.9112750257941452,0.8015098722415795,0.7805383022774327
differential_methylation,pca200,svm,4,200.0,0.9100782442614396,0.7442702284165699,0.7338861350840215
differential_methylation,pca200,mlp,4,200.0,0.8687972259878398,0.6479481223383662,0.6478013081555726
differential_methylation,pca200,cnn,4,200.0,0.8704229513747367,0.7302942315137436,0.724583957416772
differential_methylation,pca300,xgboost,4,300.0,0.882262088564986,0.667789392179636,0.6618241805023414
differential_methylation,pca300,random_forest,4,300.0,0.8483230440077252,0.6907084785133565,0.6784927162285653
differential_methylation,pca300,logistic,4,300.0,0.9074431890346454,0.7834494773519164,0.7786839039422752
differential_methylation,pca300,elasticnet,4,300.0,0.9149389869159243,0.7897018970189702,0.7776554379789866
differential_methylation,pca300,svm,4,300.0,0.9142066837155064,0.7468447541618274,0.7376924407541948
differential_methylation,pca300,mlp,4,300.0,0.8771399836836077,0.6594463801780875,0.6640148382083866
differential_methylation,pca300,cnn,4,300.0,0.8334242474538535,0.6134146341463415,0.622871634196068
differential_methylation,pls20,xgboost,4,20.0,0.8990762169973227,0.6892953929539295,0.7049895158215783
differential_methylation,pls20,random_forest,4,20.0,0.9037801563152342,0.6982191250483933,0.7094244149272612
differential_methylation,pls20,logistic,4,20.0,0.9067407120592836,0.7066589237320944,0.7145583453275761
differential_methylation,pls20,elasticnet,4,20.0,0.9089572789875958,0.7107239643825011,0.7206971677559912
differential_methylation,pls20,svm,4,20.0,0.9190431979112308,0.7107239643825011,0.7194241520735721
differential_methylation,pls20,mlp,4,20.0,0.9046891622305454,0.6970383275261324,0.7024023618200151
differential_methylation,pls20,cnn,4,20.0,0.8987977598142997,0.6708478513356563,0.6770402723963836
differential_methylation,pls30,xgboost,4,30.0,0.900807845154124,0.6892953929539295,0.7020390417807921
differential_methylation,pls30,random_forest,4,30.0,0.8931871923989481,0.6982191250483933,0.7143721372396508
differential_methylation,pls30,logistic,4,30.0,0.9026873617299324,0.7066589237320944,0.7145583453275761
differential_methylation,pls30,elasticnet,4,30.0,0.9034931207727582,0.6963414634146341,0.7048404306916286
differential_methylation,pls30,svm,4,30.0,0.9088208357012252,0.7107239643825011,0.7216601702214631
differential_methylation,pls30,mlp,4,30.0,0.9016235712385088,0.702593883081688,0.7098324396842116
differential_methylation,pls30,cnn,4,30.0,0.8905369013246102,0.7087688734030198,0.6895604395604397
elasticnet,ae,xgboost,0,64.0,0.8713571018413786,0.6598627215780355,0.6531043685910943
elasticnet,ae,random_forest,0,64.0,0.8736324525160625,0.673863787818206,0.6617457763475463
elasticnet,ae,logistic,0,64.0,0.9218650722612536,0.7783353325336532,0.722539288668321
elasticnet,ae,elasticnet,0,64.0,0.9213105319767232,0.765733706517393,0.7174603174603175
elasticnet,ae,svm,0,64.0,0.9128476122319108,0.7602692256430762,0.7099824355971899
elasticnet,ae,mlp,0,64.0,0.9063421519580231,0.7490670398507263,0.7080664624524274
elasticnet,ae,cnn,0,64.0,0.9025470885836544,0.730827668932427,0.6510673594020601
elasticnet,ae_vae,xgboost,0,64.0,0.8777868720912418,0.6790550446488072,0.6748692338642872
elasticnet,ae_vae,random_forest,0,64.0,0.8847512863126878,0.6752632280421165,0.6645762528996062
elasticnet,ae_vae,logistic,0,64.0,0.9066786334339444,0.765733706517393,0.715711845687574
elasticnet,ae_vae,elasticnet,0,64.0,0.9063478786853488,0.765733706517393,0.715711845687574
elasticnet,ae_vae,svm,0,64.0,0.896619864749345,0.7562041849926696,0.7057876290612862
elasticnet,ae_vae,mlp,0,64.0,0.9172809648445538,0.770478475276556,0.6995517189156444
elasticnet,ae_vae,cnn,0,64.0,0.9078258279291592,0.7285685725709715,0.6399976902552211
elasticnet,chrom_hmm,xgboost,0,15.0,0.8732427203884372,0.6443222710915634,0.644410142069005
elasticnet,chrom_hmm,random_forest,0,15.0,0.8727386111674879,0.6943222710915634,0.6865942028985508
elasticnet,chrom_hmm,logistic,0,15.0,0.861401582886845,0.696947887511662,0.6615210139162234
elasticnet,chrom_hmm,elasticnet,0,15.0,0.8703279257623534,0.7078768492602959,0.6722943722943723
elasticnet,chrom_hmm,svm,0,15.0,0.8894040523390091,0.742203118752499,0.7042125210799911
elasticnet,chrom_hmm,mlp,0,15.0,0.8641192614844982,0.5937824870051979,0.5962621607782898
elasticnet,chrom_hmm,cnn,0,15.0,0.8849977524348298,0.724723443955751,0.7158673017950862
elasticnet,none,xgboost,0,7456.0,0.9157373824444252,0.6963081434093029,0.7050854152624063
elasticnet,none,random_forest,0,7456.0,0.9294239815842938,0.6898507263761163,0.6943254831907099
elasticnet,none,logistic,0,7456.0,0.9296884792862872,0.6963081434093029,0.7056194125159642
elasticnet,none,elasticnet,0,7456.0,0.9166833756566491,0.6660469145675063,0.6729598771704035
elasticnet,none,svm,0,7456.0,0.9264718755102996,0.7007796881247502,0.7092700929910233
elasticnet,none,mlp,0,7456.0,0.9113522795806744,0.6978408636545382,0.7047616991262541
elasticnet,none,cnn,0,7456.0,0.8867684417955813,0.6575969612155138,0.6488736613866958
elasticnet,pca100,xgboost,0,100.0,0.9197233215229936,0.7495135279221644,0.7457076079830571
elasticnet,pca100,random_forest,0,100.0,0.928321388729644,0.7650539784086364,0.7507772627241653
elasticnet,pca100,logistic,0,100.0,0.9303207447598058,0.756244168999067,0.7519856501892429
elasticnet,pca100,elasticnet,0,100.0,0.9302485836839416,0.7729108356657336,0.7653194012936436
elasticnet,pca100,svm,0,100.0,0.9228612308887388,0.7453152072504331,0.734983846045793
elasticnet,pca100,mlp,0,100.0,0.91149710047236,0.7367786218845795,0.7402572523262179
elasticnet,pca100,cnn,0,100.0,0.861352831216781,0.673144075703052,0.6447746298477067
elasticnet,pca200,xgboost,0,200.0,0.9264336380582692,0.7235905637744903,0.705570507935529
elasticnet,pca200,random_forest,0,200.0,0.9059929911431142,0.7725976276156205,0.7259040839051941
elasticnet,pca200,logistic,0,200.0,0.936176515947614,0.7477075836332133,0.7501949317738791
elasticnet,pca200,elasticnet,0,200.0,0.9346947005807644,0.7477075836332133,0.7501949317738791
elasticnet,pca200,svm,0,200.0,0.9257351936132712,0.7255764360922298,0.7302593485606629
elasticnet,pca200,mlp,0,200.0,0.9206687258044493,0.7493802479008397,0.7442475698289651
elasticnet,pca200,cnn,0,200.0,0.8288784273165685,0.573110755697721,0.5322298718684261
elasticnet,pca300,xgboost,0,300.0,0.9277486343007848,0.7317206450753032,0.7190175247811418
elasticnet,pca300,random_forest,0,300.0,0.9046051872936806,0.7797347727575636,0.7291289933694997
elasticnet,pca300,logistic,0,300.0,0.9350422632077292,0.6963081434093029,0.7081444991789819
elasticnet,pca300,elasticnet,0,300.0,0.9317182787594622,0.7184392909502865,0.7276794035414725
elasticnet,pca300,svm,0,300.0,0.9270324449744184,0.7351059576169532,0.7478714819755282
elasticnet,pca300,mlp,0,300.0,0.9105069978278864,0.6963081434093029,0.7121554712955555
elasticnet,pca300,cnn,0,300.0,0.8856936234804696,0.543202718912435,0.5487638533674338
elasticnet,pls20,xgboost,0,20.0,0.9059457289243804,0.6731840597094495,0.6772314660966927
elasticnet,pls20,random_forest,0,20.0,0.8941479431676163,0.6342463014794082,0.639604075185137
elasticnet,pls20,logistic,0,20.0,0.9198052623624878,0.6769758763161402,0.687224958949097
elasticnet,pls20,elasticnet,0,20.0,0.9212280290098837,0.6851059576169533,0.6995672682405587
elasticnet,pls20,svm,0,20.0,0.9185126985883808,0.6851059576169533,0.6977068793619142
elasticnet,pls20,mlp,0,20.0,0.9061825717546436,0.6688457950153271,0.6745121571169742
elasticnet,pls20,cnn,0,20.0,0.9150577383332648,0.6782420365187258,0.696396412914161
elasticnet,pls30,xgboost,0,30.0,0.9098599383200576,0.6731840597094495,0.6772314660966927
elasticnet,pls30,random_forest,0,30.0,0.897394086160279,0.6328468612554978,0.6381055896120459
elasticnet,pls30,logistic,0,30.0,0.9223555951756176,0.6769758763161402,0.687828888780946
elasticnet,pls30,elasticnet,0,30.0,0.9229055500103944,0.6851059576169533,0.6995672682405587
elasticnet,pls30,svm,0,30.0,0.9214443684398188,0.7239037718246034,0.7400676833326253
elasticnet,pls30,mlp,0,30.0,0.9162173863350908,0.6964414234306276,0.7075466443887496
elasticnet,pls30,cnn,0,30.0,0.909722461363243,0.68817806210849,0.6991848307637781
elasticnet,ae,xgboost,1,64.0,0.8630803045617643,0.6755689424364123,0.6781121399176954
elasticnet,ae,random_forest,1,64.0,0.8935433129308143,0.7018072289156626,0.7023732169931001
elasticnet,ae,logistic,1,64.0,0.8994414278745779,0.7012048192771085,0.701642093963334
elasticnet,ae,elasticnet,1,64.0,0.903763111831307,0.6900937081659974,0.6921806669392837
elasticnet,ae,svm,1,64.0,0.9001387528978474,0.6755689424364123,0.6694847020933977
elasticnet,ae,mlp,1,64.0,0.9015101515437812,0.7456492637215529,0.7391395154553049
elasticnet,ae,cnn,1,64.0,0.8924419894255547,0.6548862115127175,0.6565736648058347
elasticnet,ae_vae,xgboost,1,64.0,0.8784142658396957,0.7110441767068273,0.6943319433305414
elasticnet,ae_vae,random_forest,1,64.0,0.8664579988090048,0.6681392235609103,0.6502914619595133
elasticnet,ae_vae,logistic,1,64.0,0.8965198449670316,0.6700133868808568,0.6595278319254927
elasticnet,ae_vae,elasticnet,1,64.0,0.8962285173918113,0.6700133868808568,0.6595278319254927
elasticnet,ae_vae,svm,1,64.0,0.8908150241902727,0.724631860776439,0.6933446611181745
elasticnet,ae_vae,mlp,1,64.0,0.8879209053381473,0.6505354752342705,0.6311327561327561
elasticnet,ae_vae,cnn,1,64.0,0.8743696786830486,0.723694779116466,0.683301167172135
elasticnet,chrom_hmm,xgboost,1,15.0,0.8860161559629334,0.7153949129852744,0.7149219467401285
elasticnet,chrom_hmm,random_forest,1,15.0,0.8905578142338291,0.7249665327978582,0.7283075355780326
elasticnet,chrom_hmm,logistic,1,15.0,0.8777445082568489,0.6922356091030789,0.6757411957411957
elasticnet,chrom_hmm,elasticnet,1,15.0,0.8858589914459021,0.7224899598393574,0.7052359103685024
elasticnet,chrom_hmm,svm,1,15.0,0.8933767477632258,0.7058232931726908,0.6949431888937401
elasticnet,chrom_hmm,mlp,1,15.0,0.8078793697886574,0.5100401606425703,0.4864379084967321
elasticnet,chrom_hmm,cnn,1,15.0,0.8373756676058114,0.4936412315930388,0.4586300270785277
elasticnet,none,xgboost,1,7885.0,0.9191546937745324,0.7188085676037484,0.7342010941331824
elasticnet,none,random_forest,1,7885.0,0.9301086670669372,0.7132530120481927,0.7292859800315932
elasticnet,none,logistic,1,7885.0,0.9256962559541808,0.7314591700133869,0.7454197643580714
elasticnet,none,elasticnet,1,7885.0,0.916468377640737,0.6814591700133869,0.6912091752446309
elasticnet,none,svm,1,7885.0,0.9274830759887492,0.7188085676037484,0.7337533206831118
elasticnet,none,mlp,1,7885.0,0.9363637482693804,0.7046184738955823,0.7245759704776099
elasticnet,none,cnn,1,7885.0,0.7763640333166008,0.4210843373493976,0.2346098473941837
elasticnet,pca100,xgboost,1,100.0,0.908577926343162,0.67095046854083,0.6765512394883024
elasticnet,pca100,random_forest,1,100.0,0.9094142070579372,0.7431726907630521,0.744202313693839
elasticnet,pca100,logistic,1,100.0,0.9141186728492262,0.742570281124498,0.7498372321901733
elasticnet,pca100,elasticnet,1,100.0,0.913397731737596,0.7385542168674699,0.7434117838976139
elasticnet,pca100,svm,1,100.0,0.9247756238705472,0.7552208835341365,0.7650011629856818
elasticnet,pca100,mlp,1,100.0,0.9076391757538674,0.7274431057563587,0.7414981957306205
elasticnet,pca100,cnn,1,100.0,0.9100019309137336,0.723694779116466,0.6990297040225304
elasticnet,pca200,xgboost,1,200.0,0.8932832309162874,0.6487282463186078,0.6540037502604347
elasticnet,pca200,random_forest,1,200.0,0.8849634688526664,0.7200133868808569,0.7132579241369151
elasticnet,pca200,logistic,1,200.0,0.922170870550798,0.7289825970548862,0.7384908447984281
elasticnet,pca200,elasticnet,1,200.0,0.9190299262544556,0.7098393574297188,0.711292393059754
elasticnet,pca200,svm,1,200.0,0.9315869686453966,0.7314591700133869,0.7449335886060453
elasticnet,pca200,mlp,1,200.0,0.9166146765076464,0.7406961178045516,0.7489353464963221
elasticnet,pca200,cnn,1,200.0,0.9117071324654082,0.774966532797858,0.7378787878787879
elasticnet,pca300,xgboost,1,300.0,0.8937613854153801,0.6441097724230254,0.6509099616858237
elasticnet,pca300,random_forest,1,300.0,0.8870400139949209,0.731124497991968,0.7327496351886595
elasticnet,pca300,logistic,1,300.0,0.926609229594959,0.7314591700133869,0.7424530980429888
elasticnet,pca300,elasticnet,1,300.0,0.9226455145042114,0.7274431057563587,0.7358110723964383
elasticnet,pca300,svm,1,300.0,0.9314370149482444,0.7188085676037484,0.7365701836290071
elasticnet,pca300,mlp,1,300.0,0.9273946636342822,0.7178714859437751,0.729143497491362
elasticnet,pca300,cnn,1,300.0,0.902993353684955,0.7434404283801874,0.6850807134339866
elasticnet,pls20,xgboost,1,20.0,0.8993919666717654,0.6814591700133869,0.6912091752446309
elasticnet,pls20,random_forest,1,20.0,0.9025246004044696,0.7274431057563587,0.7501984126984126
elasticnet,pls20,logistic,1,20.0,0.9204937704060407,0.7354752342704151,0.7607813579549023
elasticnet,pls20,elasticnet,1,20.0,0.920611522515254,0.7354752342704151,0.7607813579549023
elasticnet,pls20,svm,1,20.0,0.9210193649879578,0.7006024096385541,0.7214006674715456
elasticnet,pls20,mlp,1,20.0,0.9198910642456672,0.6894912985274431,0.7075997357105254
elasticnet,pls20,cnn,1,20.0,0.9290093669538634,0.7157295850066934,0.7406570532126061
elasticnet,pls30,xgboost,1,30.0,0.9007486198897476,0.6774431057563587,0.6891885573019271
elasticnet,pls30,random_forest,1,30.0,0.8978402918483629,0.7259036144578314,0.7464314909136641
elasticnet,pls30,logistic,1,30.0,0.9183118412955236,0.7147925033467203,0.7341228441186146
elasticnet,pls30,elasticnet,1,30.0,0.919729971098552,0.7354752342704151,0.7567740508992499
elasticnet,pls30,svm,1,30.0,0.9205596618715112,0.7212851405622489,0.749625468164794
elasticnet,pls30,mlp,1,30.0,0.9162887297259736,0.6894912985274431,0.7045420327940652
elasticnet,pls30,cnn,1,30.0,0.917043303910189,0.6799196787148595,0.69649969832028
elasticnet,ae,xgboost,2,64.0,0.8791999501134148,0.6828468612554978,0.6854960714670111
elasticnet,ae,random_forest,2,64.0,0.8880066866222077,0.7257097161135545,0.7229435748575077
elasticnet,ae,logistic,2,64.0,0.9253948847642088,0.7983873117419699,0.7521450728127643
elasticnet,ae,elasticnet,2,64.0,0.9257104394337082,0.7983873117419699,0.7521450728127643
elasticnet,ae,svm,2,64.0,0.9184891972657911,0.7705184592829535,0.738910934744268
elasticnet,ae,mlp,2,64.0,0.9077511687878,0.7538517926162869,0.7281432748538011
elasticnet,ae,cnn,2,64.0,0.8737084605261517,0.664234306277489,0.6725182863113898
elasticnet,ae_vae,xgboost,2,64.0,0.8827293353522078,0.655384512861522,0.6519991963029937
elasticnet,ae_vae,random_forest,2,64.0,0.8736122256444846,0.6593162734906038,0.657859078590786
elasticnet,ae_vae,logistic,2,64.0,0.9166657180556196,0.7528588564574169,0.71579241252589
elasticnet,ae_vae,elasticnet,2,64.0,0.915069980695234,0.7528588564574169,0.71579241252589
elasticnet,ae_vae,svm,2,64.0,0.901227419204934,0.7514594162335065,0.7143928738865447
elasticnet,ae_vae,mlp,2,64.0,0.9085093446950012,0.7735905637744902,0.7341018685955395
elasticnet,ae_vae,cnn,2,64.0,0.9048853968441688,0.7671331467413034,0.7133641713080965
elasticnet,chrom_hmm,xgboost,2,15.0,0.8837983676814157,0.6549780087964815,0.6557416855020988
elasticnet,chrom_hmm,random_forest,2,15.0,0.8855283716456895,0.679774756763961,0.6794877550002494
elasticnet,chrom_hmm,logistic,2,15.0,0.9057267276979392,0.7443222710915633,0.7138288163168128
elasticnet,chrom_hmm,elasticnet,2,15.0,0.909253104354018,0.7457217113154738,0.7151757511959577
elasticnet,chrom_hmm,svm,2,15.0,0.9104220953116688,0.7416566706650674,0.7089921578831896
elasticnet,chrom_hmm,mlp,2,15.0,0.8684200018939325,0.5472011195521791,0.5269810211173483
elasticnet,chrom_hmm,cnn,2,15.0,0.8539083138609341,0.6224510195921632,0.6153238634057049
elasticnet,none,xgboost,2,8061.0,0.9217270600143594,0.6999600159936025,0.7111727966689799
elasticnet,none,random_forest,2,8061.0,0.9222009465482665,0.7005064640810342,0.7077119473789549
elasticnet,none,logistic,2,8061.0,0.9365829215642232,0.7070971611355458,0.7115464245899029
elasticnet,none,elasticnet,2,8061.0,0.9308773579100742,0.7680261228841796,0.7699488592770504
elasticnet,none,svm,2,8061.0,0.9271654465718018,0.7404304944688791,0.7446220482905265
elasticnet,none,mlp,2,8061.0,0.9215641704004528,0.766453418632547,0.7334885240545619
elasticnet,none,cnn,2,8061.0,0.8792548478557736,0.6358056777289084,0.5253156352447133
elasticnet,pca100,xgboost,2,100.0,0.93349913392759,0.7461681993869119,0.7491206614974413
elasticnet,pca100,random_forest,2,100.0,0.9255344427090108,0.6754364920698387,0.6798964283414737
elasticnet,pca100,logistic,2,100.0,0.943294203361157,0.7958949753431961,0.800109649122807
elasticnet,pca100,elasticnet,2,100.0,0.9402088966608256,0.7958949753431961,0.800109649122807
elasticnet,pca100,svm,2,100.0,0.9306279431237292,0.7475676396108223,0.7462774327122154
elasticnet,pca100,mlp,2,100.0,0.9317331709714626,0.732300413168066,0.7363404747915617
elasticnet,pca100,cnn,2,100.0,0.8586770088040169,0.6223310675729707,0.5363439040253258
elasticnet,pca200,xgboost,2,200.0,0.9337621543954698,0.7611622017859522,0.7748236246401206
elasticnet,pca200,random_forest,2,200.0,0.9141590994934624,0.7422364387578302,0.7384615384615385
elasticnet,pca200,logistic,2,200.0,0.9389927715452407,0.7680261228841796,0.7787077426390404
elasticnet,pca200,elasticnet,2,200.0,0.9354548149981612,0.751359456217513,0.7598980729415512
elasticnet,pca200,svm,2,200.0,0.9317022572163652,0.7180261228841797,0.7258391092148514
elasticnet,pca200,mlp,2,200.0,0.935972116596599,0.7860922297747567,0.7830168776371309
elasticnet,pca200,cnn,2,200.0,0.8880295553738594,0.7163134746101559,0.7028829326701667
elasticnet,pca300,xgboost,2,300.0,0.9255067244498923,0.7309009729441557,0.7342125967948984
elasticnet,pca300,random_forest,2,300.0,0.8839476577562388,0.692509662801546,0.6868659081664562
elasticnet,pca300,logistic,2,300.0,0.9390364897896526,0.7292283086765293,0.7353807617958562
elasticnet,pca300,elasticnet,2,300.0,0.9354244148399689,0.7346927895508464,0.7403064623584278
elasticnet,pca300,svm,2,300.0,0.9351333749467308,0.7292283086765293,0.7385909992474661
elasticnet,pca300,mlp,2,300.0,0.9322658783788056,0.7237638278022125,0.7344747805414
elasticnet,pca300,cnn,2,300.0,0.7784428584926686,0.4820405171264827,0.3329189329189329
elasticnet,pls20,xgboost,2,20.0,0.9092200061537816,0.7070971611355458,0.7284721426662083
elasticnet,pls20,random_forest,2,20.0,0.9142032592667372,0.6680261228841796,0.6743755363837572
elasticnet,pls20,logistic,2,20.0,0.9288595012570782,0.701359456217513,0.7056370890128312
elasticnet,pls20,elasticnet,2,20.0,0.9323226686052796,0.701359456217513,0.7056370890128312
elasticnet,pls20,svm,2,20.0,0.9360815634337598,0.7180261228841797,0.729480421686747
elasticnet,pls20,mlp,2,20.0,0.9255002704089736,0.7237638278022125,0.7349385934014324
elasticnet,pls20,cnn,2,20.0,0.9373168449422916,0.7232173797147808,0.7361033006478914
elasticnet,pls30,xgboost,2,30.0,0.9053740163770662,0.7111622017859522,0.7300964830376596
elasticnet,pls30,random_forest,2,30.0,0.9074642981636392,0.6832933493269359,0.6935897435897437
elasticnet,pls30,logistic,2,30.0,0.9291801817766596,0.7180261228841797,0.7233660130718954
elasticnet,pls30,elasticnet,2,30.0,0.9331383002896096,0.7180261228841797,0.7235713402519984
elasticnet,pls30,svm,2,30.0,0.9361079051408148,0.7084966013594562,0.7202560240963854
elasticnet,pls30,mlp,2,30.0,0.9290655473264784,0.7084966013594562,0.7198525957246887
elasticnet,pls30,cnn,2,30.0,0.9172261773955735,0.7320271891243503,0.7490410614349493
elasticnet,ae,xgboost,3,64.0,0.8632763729943292,0.610840108401084,0.6110077863946692
elasticnet,ae,random_forest,3,64.0,0.8503580158350603,0.6208672086720867,0.6163846538284298
elasticnet,ae,logistic,3,64.0,0.8961819705362202,0.7223577235772357,0.6821454396013129
elasticnet,ae,elasticnet,3,64.0,0.8959338975293923,0.7182926829268294,0.6778719353278087
elasticnet,ae,svm,3,64.0,0.8665829091665675,0.696070460704607,0.6696759812116869
elasticnet,ae,mlp,3,64.0,0.8828282530615971,0.705691056910569,0.6804368203387424
elasticnet,ae,cnn,3,64.0,0.8695358685670534,0.6653116531165312,0.6445652540714194
elasticnet,ae_vae,xgboost,3,64.0,0.8382571994216214,0.6386178861788617,0.6366318765721687
elasticnet,ae_vae,random_forest,3,64.0,0.8293857758378745,0.6597560975609755,0.6487680027763317
elasticnet,ae_vae,logistic,3,64.0,0.8692948634471155,0.6727642276422765,0.6372172428510456
elasticnet,ae_vae,elasticnet,3,64.0,0.8685120634001148,0.6727642276422765,0.6372172428510456
elasticnet,ae_vae,svm,3,64.0,0.8542155758826299,0.670189701897019,0.6409150986920036
elasticnet,ae_vae,mlp,3,64.0,0.8620717122491578,0.6883468834688347,0.6453456304534563
elasticnet,ae_vae,cnn,3,64.0,0.8607079796115552,0.6761517615176151,0.6245700132081307
elasticnet,chrom_hmm,xgboost,3,15.0,0.8680658743897575,0.7138211382113822,0.7048545720862105
elasticnet,chrom_hmm,random_forest,3,15.0,0.8673872917616223,0.6886178861788618,0.6823425710457655
elasticnet,chrom_hmm,logistic,3,15.0,0.8998661919441618,0.7182926829268294,0.6768306379155437
elasticnet,chrom_hmm,elasticnet,3,15.0,0.9023516510883144,0.7323848238482386,0.6833204404948333
elasticnet,chrom_hmm,svm,3,15.0,0.8928032072021908,0.7182926829268294,0.6768306379155437
elasticnet,chrom_hmm,mlp,3,15.0,0.8713546028549212,0.7313008130081301,0.6812925441244024
elasticnet,chrom_hmm,cnn,3,15.0,0.869330953639901,0.6574525745257452,0.6311631829818412
elasticnet,none,xgboost,3,8009.0,0.8794815969251931,0.6745257452574526,0.6757187257187257
elasticnet,none,random_forest,3,8009.0,0.8755838818312928,0.6356368563685636,0.6355372227827566
elasticnet,none,logistic,3,8009.0,0.895007924827246,0.6937669376693768,0.6944251582601594
elasticnet,none,elasticnet,3,8009.0,0.89222361241149,0.7119241192411924,0.7088209516935607
elasticnet,none,svm,3,8009.0,0.8859222661544482,0.7063685636856368,0.7127207029646053
elasticnet,none,mlp,3,8009.0,0.8739346856151521,0.6815718157181573,0.6438696172248805
elasticnet,none,cnn,3,8009.0,0.8918614194599556,0.7112466124661246,0.6686369186369187
elasticnet,pca100,xgboost,3,100.0,0.8790842843874449,0.6497289972899729,0.647531212748604
elasticnet,pca100,random_forest,3,100.0,0.8586013353488271,0.6789972899728998,0.6710021057847144
elasticnet,pca100,logistic,3,100.0,0.8939043147508249,0.6841463414634146,0.6844240726593668
elasticnet,pca100,elasticnet,3,100.0,0.894118451609813,0.7063685636856368,0.7032187107972022
elasticnet,pca100,svm,3,100.0,0.8759940274250851,0.6897018970189702,0.6856512194924385
elasticnet,pca100,mlp,3,100.0,0.8885952698763386,0.7341463414634147,0.7358937396149505
elasticnet,pca100,cnn,3,100.0,0.858121797232195,0.6734417344173441,0.6747147500753624
elasticnet,pca200,xgboost,3,200.0,0.8701108746105412,0.6663956639566395,0.6630071264306666
elasticnet,pca200,random_forest,3,200.0,0.8406105999405756,0.6860433604336044,0.6781970649895178
elasticnet,pca200,logistic,3,200.0,0.8941445387078836,0.6663956639566395,0.6663421509143809
elasticnet,pca200,elasticnet,3,200.0,0.8953702253640873,0.6911924119241193,0.6921512450024973
elasticnet,pca200,svm,3,200.0,0.8843836886829237,0.7008130081300813,0.7054291251012562
elasticnet,pca200,mlp,3,200.0,0.8838707125851982,0.6967479674796748,0.702476376669925
elasticnet,pca200,cnn,3,200.0,0.857284909841642,0.6808943089430896,0.6639433551198257
elasticnet,pca300,xgboost,3,300.0,0.8762577049790107,0.6775067750677507,0.6757058969426547
elasticnet,pca300,random_forest,3,300.0,0.8271962277410677,0.6405149051490515,0.6348666776321802
elasticnet,pca300,logistic,3,300.0,0.892123043537809,0.7134146341463414,0.7147097429708312
elasticnet,pca300,elasticnet,3,300.0,0.8927375848427085,0.7008130081300813,0.7042062988797294
elasticnet,pca300,svm,3,300.0,0.8857425659488575,0.6967479674796748,0.6993939266398703
elasticnet,pca300,mlp,3,300.0,0.8831131529866804,0.6911924119241193,0.697974542717843
elasticnet,pca300,cnn,3,300.0,0.8156373886819509,0.615040650406504,0.5630381873028932
elasticnet,pls20,xgboost,3,20.0,0.8470889053166974,0.6593495934959349,0.663551275826725
elasticnet,pls20,random_forest,3,20.0,0.8501385441481452,0.6941734417344173,0.704955731519792
elasticnet,pls20,logistic,3,20.0,0.8854689671586028,0.6715447154471544,0.6749751186332569
elasticnet,pls20,elasticnet,3,20.0,0.8862459575990401,0.6867208672086721,0.6906304508100916
elasticnet,pls20,svm,3,20.0,0.8815849925794205,0.6589430894308944,0.668320314935383
elasticnet,pls20,mlp,3,20.0,0.884175922745143,0.6382113821138211,0.6462912087912088
elasticnet,pls20,cnn,3,20.0,0.858571620754871,0.6533875338753387,0.6598514211886305
elasticnet,pls30,xgboost,3,30.0,0.8507977965032344,0.6537940379403794,0.6585414650792093
elasticnet,pls30,random_forest,3,30.0,0.8479399214645972,0.6886178861788618,0.7000762195121951
elasticnet,pls30,logistic,3,30.0,0.8829680531512579,0.6619241192411924,0.6635630240259283
elasticnet,pls30,elasticnet,3,30.0,0.8856689308228348,0.6867208672086721,0.6906304508100916
elasticnet,pls30,svm,3,30.0,0.8830962761263902,0.6300813008130081,0.6352222402559763
elasticnet,pls30,mlp,3,30.0,0.8783656472818525,0.6619241192411924,0.6649140530529152
elasticnet,pls30,cnn,3,30.0,0.876745099161845,0.6508130081300814,0.6552183979674522
elasticnet,ae,xgboost,4,64.0,0.8894266519904978,0.6958575300038715,0.6973180076628352
elasticnet,ae,random_forest,4,64.0,0.8772681860999821,0.7007162214479288,0.702819476306538
elasticnet,ae,logistic,4,64.0,0.9047432494623654,0.8069686411149825,0.7702821869488536
elasticnet,ae,elasticnet,4,64.0,0.9035708569716392,0.7966511807975222,0.7665544332211
elasticnet,ae,svm,4,64.0,0.9023958044659752,0.7559814169570266,0.7247835497835498
elasticnet,ae,mlp,4,64.0,0.8928336863350502,0.7183701122725513,0.7113819473514976
elasticnet,ae,cnn,4,64.0,0.8919905738513467,0.7058846302748741,0.6443451491151301
elasticnet,ae_vae,xgboost,4,64.0,0.8457492876011777,0.6493418505613627,0.6463395234637065
elasticnet,ae_vae,random_forest,4,64.0,0.8635010982588264,0.7058846302748741,0.7058846302748741
elasticnet,ae_vae,logistic,4,64.0,0.879601402766372,0.7112466124661246,0.6790705800139762
elasticnet,ae_vae,elasticnet,4,64.0,0.8784011798705903,0.7016260162601625,0.6679040895813048
elasticnet,ae_vae,svm,4,64.0,0.869828495632508,0.6990514905149051,0.6641415796619691
elasticnet,ae_vae,mlp,4,64.0,0.8821577038849098,0.7212737127371275,0.6896658896658897
elasticnet,ae_vae,cnn,4,64.0,0.8684566107467079,0.6860627177700348,0.6427815083415406
elasticnet,chrom_hmm,xgboost,4,15.0,0.8746243831562808,0.6703639179248935,0.6687666807135834
elasticnet,chrom_hmm,random_forest,4,15.0,0.8887909873886235,0.6943670150987225,0.6926809162103279
elasticnet,chrom_hmm,logistic,4,15.0,0.8661109650078324,0.7264227642276423,0.6976272245804095
elasticnet,chrom_hmm,elasticnet,4,15.0,0.8685651876487553,0.7208672086720868,0.6896211923600847
elasticnet,chrom_hmm,svm,4,15.0,0.8939953684741061,0.750425861401471,0.7175530231085786
elasticnet,chrom_hmm,mlp,4,15.0,0.8852000051143499,0.6524196670538134,0.6531271197937865
elasticnet,chrom_hmm,cnn,4,15.0,0.9000387104573063,0.6181571815718158,0.634395363070166
elasticnet,none,xgboost,4,7721.0,0.9165082883792964,0.6955478126209833,0.7038080096903626
elasticnet,none,random_forest,4,7721.0,0.9121411312850104,0.688211382113821,0.6937176255358074
elasticnet,none,logistic,4,7721.0,0.92209677398451,0.7351335656213704,0.7499198573599583
elasticnet,none,elasticnet,4,7721.0,0.903129291649012,0.7166860240030971,0.7222904856075587
elasticnet,none,svm,4,7721.0,0.9185336660845064,0.7199574138598529,0.727736006683375
elasticnet,none,mlp,4,7721.0,0.9132375040918572,0.7211382113821138,0.6990301266897011
elasticnet,none,cnn,4,7721.0,0.8012023417511548,0.3373983739837398,0.1882123086942364
elasticnet,pca100,xgboost,4,100.0,0.8924093670422645,0.7320557491289198,0.7402572523262179
elasticnet,pca100,random_forest,4,100.0,0.8556098142035888,0.6806813782423538,0.6788752183489025
elasticnet,pca100,logistic,4,100.0,0.9088534499764344,0.6815718157181573,0.6839522118178882
elasticnet,pca100,elasticnet,4,100.0,0.907751570086733,0.6918892760356176,0.6946715245745526
elasticnet,pca100,svm,4,100.0,0.9155183292087464,0.7365272938443671,0.7339703642154826
elasticnet,pca100,mlp,4,100.0,0.8683032318129559,0.663821138211382,0.6641746290920819
elasticnet,pca100,cnn,4,100.0,0.7921397286033415,0.514769647696477,0.4606593406593406
elasticnet,pca200,xgboost,4,200.0,0.8958355986302098,0.7150987224157955,0.7206881437650668
elasticnet,pca200,random_forest,4,200.0,0.8495983756354528,0.6422957801006581,0.6399648660518226
elasticnet,pca200,logistic,4,200.0,0.9192793592587626,0.7391986062717769,0.7571198971391836
elasticnet,pca200,elasticnet,4,200.0,0.9135382665584292,0.7192605497483546,0.7356124713444814
elasticnet,pca200,svm,4,200.0,0.9196047235057656,0.7103368176538908,0.7164045105221576
elasticnet,pca200,mlp,4,200.0,0.9067572037989644,0.6911924119241193,0.6975268404907976
elasticnet,pca200,cnn,4,200.0,0.8767030090999137,0.6085365853658536,0.5665961945031712
elasticnet,pca300,xgboost,4,300.0,0.8878158556470038,0.701413085559427,0.7082379862700229
elasticnet,pca300,random_forest,4,300.0,0.8241039496113154,0.6356562137049943,0.6314923646194911
elasticnet,pca300,logistic,4,300.0,0.9180918371426644,0.7391986062717769,0.7607016381822249
elasticnet,pca300,elasticnet,4,300.0,0.9158704158562042,0.7351335656213704,0.7531983285117326
elasticnet,pca300,svm,4,300.0,0.9199904097898056,0.7240224545102594,0.7347111817700053
elasticnet,pca300,mlp,4,300.0,0.9019393961756876,0.6937669376693768,0.7033227662322415
elasticnet,pca300,cnn,4,300.0,0.8291583061190364,0.5843205574912892,0.556089710589062
elasticnet,pls20,xgboost,4,20.0,0.912381409562748,0.7210414246999614,0.7403539450462265
elasticnet,pls20,random_forest,4,20.0,0.8994845266432098,0.6335462640340689,0.6400582356146051
elasticnet,pls20,logistic,4,20.0,0.9132036917168233,0.7391986062717769,0.7562886347837852
elasticnet,pls20,elasticnet,4,20.0,0.916708511339782,0.7606271777003485,0.7795600111389586
elasticnet,pls20,svm,4,20.0,0.916299767638828,0.737708091366628,0.7647549019607843
elasticnet,pls20,mlp,4,20.0,0.9077969807268746,0.7063685636856368,0.7248665459778119
elasticnet,pls20,cnn,4,20.0,0.9019859640345784,0.7170731707317074,0.736213742512955
elasticnet,pls30,xgboost,4,30.0,0.9117561727233332,0.683739837398374,0.697967797359278
elasticnet,pls30,random_forest,4,30.0,0.9070271122294526,0.6376113046844755,0.6441671509108889
elasticnet,pls30,logistic,4,30.0,0.9113656179639392,0.7336430507162214,0.7482914217018264
elasticnet,pls30,elasticnet,4,30.0,0.9163426863960346,0.7432636469221835,0.7634567561682767
elasticnet,pls30,svm,4,30.0,0.910293564299294,0.7306620209059234,0.7489318652362131
elasticnet,pls30,mlp,4,30.0,0.912313140224974,0.7295780100658149,0.7501442034051102
elasticnet,pls30,cnn,4,30.0,0.8875964246591489,0.6897018970189702,0.7103018985371926
iqr,ae,xgboost,0,64.0,0.8596615998254036,0.6909369585499133,0.6699940582293523
iqr,ae,random_forest,0,64.0,0.86931401937687,0.6923363987738238,0.6694987111653777
iqr,ae,logistic,0,64.0,0.9082303798115512,0.7688058110089298,0.7111519607843136
iqr,ae,elasticnet,0,64.0,0.9086683699795318,0.7688058110089298,0.7111519607843136
iqr,ae,svm,0,64.0,0.901215328965928,0.7511462081833932,0.6907152710159039
iqr,ae,mlp,0,64.0,0.8919533648283977,0.7602692256430762,0.7117882650341877
iqr,ae,cnn,0,64.0,0.8925621775097671,0.730827668932427,0.6526971415860304
iqr,ae_vae,xgboost,0,64.0,0.8345105487115351,0.5538118086098894,0.5551974448315912
iqr,ae_vae,random_forest,0,64.0,0.8426313516960917,0.5786085565773691,0.5777567800179457
iqr,ae_vae,logistic,0,64.0,0.902404687513128,0.7290150606424097,0.6716137629495895
iqr,ae_vae,elasticnet,0,64.0,0.9008923832525112,0.7330801012928162,0.6764639585245295
iqr,ae_vae,svm,0,64.0,0.8899273778714161,0.7218779155004665,0.6734443900048995
iqr,ae_vae,mlp,0,64.0,0.8946905348279439,0.7054844728775157,0.6542693621342195
iqr,ae_vae,cnn,0,64.0,0.8684182535459017,0.7043116086898574,0.6130048405572184
iqr,chrom_hmm,xgboost,0,15.0,0.848498903225248,0.6762561642009862,0.6770748104682117
iqr,chrom_hmm,random_forest,0,15.0,0.858921932291016,0.6269358923097427,0.6256425377168411
iqr,chrom_hmm,logistic,0,15.0,0.8528232786021174,0.6715647074503531,0.6162089982985506
iqr,chrom_hmm,elasticnet,0,15.0,0.8627360474166851,0.6756297481007597,0.6204035165622334
iqr,chrom_hmm,svm,0,15.0,0.8899696871762947,0.7119418899107024,0.6725704336815448
iqr,chrom_hmm,mlp,0,15.0,0.8803457615249238,0.6845261895241904,0.6841499138204218
iqr,chrom_hmm,cnn,0,15.0,0.8682811528861345,0.5589097694255631,0.523609576427256
iqr,none,xgboost,0,6202.0,0.9248073364702528,0.6925163268026123,0.6984104407833222
iqr,none,random_forest,0,6202.0,0.9214947653053456,0.6929228308676528,0.6916758951642672
iqr,none,logistic,0,6202.0,0.91768824553201,0.6633813141410103,0.6667778346544226
iqr,none,elasticnet,0,6202.0,0.9056412554059248,0.6633813141410103,0.6688403592545072
iqr,none,svm,0,6202.0,0.9180860235599124,0.7402572304411569,0.7211115580584607
iqr,none,mlp,0,6202.0,0.90804713567138,0.6720511795281886,0.6736842105263158
iqr,none,cnn,0,6202.0,0.8764664290682642,0.5759896041583367,0.5848809058961343
iqr,pca100,xgboost,0,100.0,0.9198500777197404,0.7490670398507263,0.7099567099567099
iqr,pca100,random_forest,0,100.0,0.9071730436738028,0.7559309609489536,0.7190773373762128
iqr,pca100,logistic,0,100.0,0.914974845633824,0.7637878182060508,0.7394115993149809
iqr,pca100,elasticnet,0,100.0,0.9176619657571068,0.758323337331734,0.7320424518085337
iqr,pca100,svm,0,100.0,0.912250531226078,0.7514594162335065,0.7221279797966914
iqr,pca100,mlp,0,100.0,0.9087973077109448,0.7814474210315874,0.7678304210292864
iqr,pca100,cnn,0,100.0,0.8626751514946563,0.6973543915767028,0.6451461456913524
iqr,pca200,xgboost,0,200.0,0.9230905591492076,0.739264294282287,0.716481243759806
iqr,pca200,random_forest,0,200.0,0.8899747654266109,0.7063374650139944,0.6758724072819522
iqr,pca200,logistic,0,200.0,0.9153438700527056,0.7049780087964814,0.7039172209903918
iqr,pca200,elasticnet,0,200.0,0.9171446277439174,0.6937758230041317,0.6954207905027577
iqr,pca200,svm,0,200.0,0.9170089509483164,0.71098893775823,0.6988723109345686
iqr,pca200,mlp,0,200.0,0.9125519100998192,0.7586365453818473,0.7707847372985902
iqr,pca200,cnn,0,200.0,0.814356631651805,0.5917099826735973,0.5599557978571569
iqr,pca300,xgboost,0,300.0,0.8965845941181296,0.7168599226975876,0.7000446987305561
iqr,pca300,random_forest,0,300.0,0.8657999352714931,0.7084166333466614,0.6557077541161392
iqr,pca300,logistic,0,300.0,0.919770407150488,0.6481140876982541,0.6514246733483758
iqr,pca300,elasticnet,0,300.0,0.9200334692787384,0.6814474210315873,0.68460758421645
iqr,pca300,svm,0,300.0,0.9170166161858372,0.7276556044248967,0.7117756741250717
iqr,pca300,mlp,0,300.0,0.9088741751903938,0.6908436625349861,0.7069525590430962
iqr,pca300,cnn,0,300.0,0.8515494553956294,0.5797414367586299,0.5818663953990468
iqr,pls20,xgboost,0,20.0,0.8729173613178182,0.6524523523923764,0.6613946482367535
iqr,pls20,random_forest,0,20.0,0.8573523997608611,0.6286485405837665,0.6363695399347065
iqr,pls20,logistic,0,20.0,0.897644725544938,0.6605824336931895,0.6660181427018874
iqr,pls20,elasticnet,0,20.0,0.8993349072371059,0.6524523523923764,0.6572461563559565
iqr,pls20,svm,0,20.0,0.8935674005337644,0.6674463547914168,0.674352013182598
iqr,pls20,mlp,0,20.0,0.8818733462749059,0.6429228308676529,0.6447453173997796
iqr,pls20,cnn,0,20.0,0.8832516539625853,0.6479808076769292,0.6607740785917582
iqr,pls30,xgboost,0,30.0,0.8696616098902243,0.6647807543649207,0.6724623717134556
iqr,pls30,random_forest,0,30.0,0.8534114937158295,0.6353791816606691,0.6469284830689341
iqr,pls30,logistic,0,30.0,0.9028033308313352,0.6453152072504332,0.6508407028638242
iqr,pls30,elasticnet,0,30.0,0.9020419432851846,0.6579168332666933,0.6641634658377732
iqr,pls30,svm,0,30.0,0.8967826775741519,0.6769758763161402,0.6853913446833801
iqr,pls30,mlp,0,30.0,0.8875917480918618,0.639984006397441,0.6457307299678043
iqr,pls30,cnn,0,30.0,0.8907313177469168,0.7103092096494735,0.7228571428571429
iqr,ae,xgboost,1,64.0,0.8662407619251987,0.6906961178045515,0.6988548479632817
iqr,ae,random_forest,1,64.0,0.8856589897508426,0.688219544846051,0.6882426516572857
iqr,ae,logistic,1,64.0,0.8865563562326342,0.731124497991968,0.7192231318665034
iqr,ae,elasticnet,1,64.0,0.8888144164682356,0.7175368139223561,0.7074994248907291
iqr,ae,svm,1,64.0,0.8935425738984635,0.6730923694779117,0.66724843009428
iqr,ae,mlp,1,64.0,0.8815684434163203,0.7336010709504687,0.7211750637395365
iqr,ae,cnn,1,64.0,0.8879988405883248,0.724631860776439,0.6566712241363595
iqr,ae_vae,xgboost,1,64.0,0.8321278301246718,0.6267737617135207,0.6206718346253229
iqr,ae_vae,random_forest,1,64.0,0.8465830171797245,0.6258366800535474,0.6149257212053791
iqr,ae_vae,logistic,1,64.0,0.8468350862885311,0.6304551539491299,0.6123907816459996
iqr,ae_vae,elasticnet,1,64.0,0.8455949831870991,0.6264390896921018,0.6082476218069438
iqr,ae_vae,svm,1,64.0,0.8224271971903274,0.6014056224899599,0.5728471312412918
iqr,ae_vae,mlp,1,64.0,0.88396069965698,0.7051539491298527,0.6665209471766849
iqr,ae_vae,cnn,1,64.0,0.8828043259102447,0.7394243641231594,0.691349793816587
iqr,chrom_hmm,xgboost,1,15.0,0.8404569735251687,0.5962516733601071,0.5977314386405296
iqr,chrom_hmm,random_forest,1,15.0,0.8560701958716347,0.6406961178045515,0.6405814149716589
iqr,chrom_hmm,logistic,1,15.0,0.8370957282862185,0.6208835341365462,0.5970901537756776
iqr,chrom_hmm,elasticnet,1,15.0,0.8479010685964715,0.6304551539491299,0.6073615281556018
iqr,chrom_hmm,svm,1,15.0,0.876462069565064,0.6397590361445783,0.6356399349863402
iqr,chrom_hmm,mlp,1,15.0,0.8223427941289679,0.5019410977242303,0.4510145151943054
iqr,chrom_hmm,cnn,1,15.0,0.8719044746664936,0.5848728246318607,0.5796210957501281
iqr,none,xgboost,1,6665.0,0.9206255885560484,0.6900937081659974,0.7078081232492996
iqr,none,random_forest,1,6665.0,0.911629961241758,0.6845381526104418,0.6951499051233396
iqr,none,logistic,1,6665.0,0.9119127845484728,0.6623159303882197,0.6666913214990138
iqr,none,elasticnet,1,6665.0,0.9091099182981276,0.7067603748326641,0.7139785881044621
iqr,none,svm,1,6665.0,0.9175089556406084,0.6734270414993307,0.6792461588451005
iqr,none,mlp,1,6665.0,0.9073401726943076,0.7289825970548862,0.7332915622389308
iqr,none,cnn,1,6665.0,0.7886270158144062,0.451338688085676,0.2901533076998915
iqr,pca100,xgboost,1,100.0,0.9055688365519924,0.6663319946452476,0.6757051828045743
iqr,pca100,random_forest,1,100.0,0.9183837898724144,0.7002677376171352,0.7082042455536431
iqr,pca100,logistic,1,100.0,0.8943592404333427,0.7067603748326641,0.708880988292753
iqr,pca100,elasticnet,1,100.0,0.8995586380646037,0.6956492637215529,0.6976903088125619
iqr,pca100,svm,1,100.0,0.9097022098396528,0.7113788487282463,0.712603696495369
iqr,pca100,mlp,1,100.0,0.9076674884751852,0.7172690763052209,0.7430982658959536
iqr,pca100,cnn,1,100.0,0.8280931077149933,0.4680053547523427,0.4236224768139662
iqr,pca200,xgboost,1,200.0,0.8796382283836958,0.6376171352074965,0.6412960685931247
iqr,pca200,random_forest,1,200.0,0.9070129188308216,0.724029451137885,0.7151715584952459
iqr,pca200,logistic,1,200.0,0.9010382739912508,0.6981258366800535,0.7052665694376924
iqr,pca200,elasticnet,1,200.0,0.9040059995566488,0.6805220883534137,0.6855755052476363
iqr,pca200,svm,1,200.0,0.9076147030469172,0.6598393574297189,0.6607052460688404
iqr,pca200,mlp,1,200.0,0.9021344924359896,0.6749665327978581,0.6845017353682309
iqr,pca200,cnn,1,200.0,0.8623003953715148,0.6625836680053548,0.6322216812723142
iqr,pca300,xgboost,1,300.0,0.9013472326856932,0.7018072289156626,0.6991841457841049
iqr,pca300,random_forest,1,300.0,0.8942178114544764,0.7675368139223561,0.7382367824596766
iqr,pca300,logistic,1,300.0,0.9113393988291636,0.7036813922356092,0.7166113219481342
iqr,pca300,elasticnet,1,300.0,0.9144396923698598,0.7218875502008032,0.7326435950724376
iqr,pca300,svm,1,300.0,0.913059517359728,0.6694109772423026,0.6734494868697093
iqr,pca300,mlp,1,300.0,0.9108263410988876,0.7036813922356092,0.7159163893267939
iqr,pca300,cnn,1,300.0,0.829781106456741,0.6020749665327978,0.5897950716279806
iqr,pls20,xgboost,1,20.0,0.8707110061537481,0.6607764390896921,0.6654423341590971
iqr,pls20,random_forest,1,20.0,0.8622944882251525,0.6259036144578313,0.6161424782114437
iqr,pls20,logistic,1,20.0,0.8885988121585852,0.6552208835341365,0.663177431101387
iqr,pls20,elasticnet,1,20.0,0.884986407258018,0.6552208835341365,0.6637173579109062
iqr,pls20,svm,1,20.0,0.8914880082940675,0.6829986613119142,0.6917409620848437
iqr,pls20,mlp,1,20.0,0.852225955216071,0.6052208835341365,0.59793015206556
iqr,pls20,cnn,1,20.0,0.8593852007482257,0.6718875502008032,0.6843768212271398
iqr,pls30,xgboost,1,30.0,0.8745424395661265,0.6178714859437751,0.6077969259010582
iqr,pls30,random_forest,1,30.0,0.8649241755080156,0.6147925033467202,0.6067930259401009
iqr,pls30,logistic,1,30.0,0.8917498597826706,0.6592369477911647,0.6689072543617999
iqr,pls30,elasticnet,1,30.0,0.8884101947428068,0.6552208835341365,0.663177431101387
iqr,pls30,svm,1,30.0,0.8863881670116317,0.6718875502008032,0.682333715505024
iqr,pls30,mlp,1,30.0,0.8700750918217874,0.6370147255689425,0.6447387194578206
iqr,pls30,cnn,1,30.0,0.8756896018227752,0.7117135207496653,0.7292677931387609
iqr,ae,xgboost,2,64.0,0.8836524310295587,0.6804544848727176,0.6735000172908668
iqr,ae,random_forest,2,64.0,0.885972498020816,0.698114087698254,0.6915505661803244
iqr,ae,logistic,2,64.0,0.90899985566289,0.7457217113154738,0.7158891069617251
iqr,ae,elasticnet,2,64.0,0.9089682577098068,0.7361921897907503,0.704522967454002
iqr,ae,svm,2,64.0,0.9020808232748292,0.7471211515393842,0.7162799471797774
iqr,ae,mlp,2,64.0,0.9016247118945908,0.7371851259496202,0.7157106072073368
iqr,ae,cnn,2,64.0,0.8922028140666177,0.617313074770092,0.6257467144563919
iqr,ae_vae,xgboost,2,64.0,0.8590303112215917,0.663514594162335,0.660211910851297
iqr,ae_vae,random_forest,2,64.0,0.8550584472228886,0.6637878182060509,0.6588975880508111
iqr,ae_vae,logistic,2,64.0,0.89562520457535,0.7127948820471811,0.6862626841667363
iqr,ae_vae,elasticnet,2,64.0,0.8959657593593562,0.7389910702385712,0.7089959764978083
iqr,ae_vae,svm,2,64.0,0.8850777558809378,0.700193256030921,0.6798401852059296
iqr,ae_vae,mlp,2,64.0,0.8917254505838681,0.7220111955217913,0.6712395050223564
iqr,ae_vae,cnn,2,64.0,0.872340227338228,0.5937824870051979,0.6017142883321193
iqr,chrom_hmm,xgboost,2,15.0,0.8836564007451209,0.6716446754631481,0.6724899598393574
iqr,chrom_hmm,random_forest,2,15.0,0.8913520919296386,0.7268359322937492,0.7233064446179199
iqr,chrom_hmm,logistic,2,15.0,0.887101376962034,0.7005997600959617,0.6714495952906548
iqr,chrom_hmm,elasticnet,2,15.0,0.8948204914278616,0.696534719445555,0.6669047619047618
iqr,chrom_hmm,svm,2,15.0,0.9141230787386704,0.7389910702385712,0.7065897065897065
iqr,chrom_hmm,mlp,2,15.0,0.8949594403393276,0.6406570705051312,0.6310027887123842
iqr,chrom_hmm,cnn,2,15.0,0.8818924487225793,0.7394375583100093,0.73707805907173
iqr,none,xgboost,2,5445.0,0.9350215540775918,0.7307676929228308,0.7376901695083512
iqr,none,random_forest,2,5445.0,0.9143405346563952,0.679774756763961,0.6836277955592078
iqr,none,logistic,2,5445.0,0.9319479294055476,0.7156337465013994,0.7161394784313423
iqr,none,elasticnet,2,5445.0,0.9305300412180536,0.7210982273757164,0.7219520900848493
iqr,none,svm,2,5445.0,0.926588129706229,0.7478408636545382,0.7354724062159367
iqr,none,mlp,2,5445.0,0.9070647181977812,0.6724976675996267,0.6727837380011293
iqr,none,cnn,2,5445.0,0.8552119514760602,0.5628681860589098,0.4492060430729669
iqr,pca100,xgboost,2,100.0,0.9342120269067138,0.7795015327202451,0.7760714644183478
iqr,pca100,random_forest,2,100.0,0.9279831996523096,0.7530321204851392,0.7559312523005562
iqr,pca100,logistic,2,100.0,0.9293310278883368,0.756104224976676,0.749055253443638
iqr,pca100,elasticnet,2,100.0,0.9297308639250292,0.750639744102359,0.73992673992674
iqr,pca100,svm,2,100.0,0.9205407529962676,0.7257097161135545,0.7202739335140533
iqr,pca100,mlp,2,100.0,0.931163971008164,0.750639744102359,0.7440225035161744
iqr,pca100,cnn,2,100.0,0.851856664656904,0.6531787285085966,0.5846601798025399
iqr,pca200,xgboost,2,200.0,0.9122578386108268,0.6785085965613754,0.6779586445925029
iqr,pca200,random_forest,2,200.0,0.9076262484055576,0.7132413701186192,0.7051147473500051
iqr,pca200,logistic,2,200.0,0.928284574566454,0.7254364920698387,0.7278887049873916
iqr,pca200,elasticnet,2,200.0,0.9294228440971052,0.7254364920698387,0.7278887049873916
iqr,pca200,svm,2,200.0,0.921088517971072,0.7240370518459284,0.7222239938380476
iqr,pca200,mlp,2,200.0,0.9251861810271128,0.7377648940423831,0.7464882943143812
iqr,pca200,cnn,2,200.0,0.8403594801531051,0.6655471144875383,0.6239978054589209
iqr,pca300,xgboost,2,300.0,0.9285952829943076,0.7649140343862455,0.7446122168840082
iqr,pca300,random_forest,2,300.0,0.904261335925533,0.7706517393042782,0.7381072497609678
iqr,pca300,logistic,2,300.0,0.9300560129001302,0.7309009729441557,0.7350626789580278
iqr,pca300,elasticnet,2,300.0,0.9298904748914288,0.7489670798347327,0.7538618444278823
iqr,pca300,svm,2,300.0,0.9231529535247264,0.740703718512595,0.7364809514171992
iqr,pca300,mlp,2,300.0,0.917265803515356,0.7030321204851392,0.7150476907630522
iqr,pca300,cnn,2,300.0,0.848424520138841,0.6579234972677596,0.5687594390507011
iqr,pls20,xgboost,2,20.0,0.9152670938131916,0.6887578302012528,0.7043740573152338
iqr,pls20,random_forest,2,20.0,0.9159157289020378,0.6720911635345862,0.6763496668179636
iqr,pls20,logistic,2,20.0,0.9149985925529304,0.687764894042383,0.6905928650916059
iqr,pls20,elasticnet,2,20.0,0.9169516455004874,0.7084966013594562,0.7125338429686257
iqr,pls20,svm,2,20.0,0.9190790578287868,0.6918299346927895,0.6981387953610176
iqr,pls20,mlp,2,20.0,0.9074853937605568,0.6989670798347327,0.7023233803341045
iqr,pls20,cnn,2,20.0,0.9008053886478988,0.7210982273757164,0.729004329004329
iqr,pls30,xgboost,2,30.0,0.9049351214243426,0.6849660135945621,0.6960777481869292
iqr,pls30,random_forest,2,30.0,0.9171348753082724,0.701359456217513,0.7151656920077972
iqr,pls30,logistic,2,30.0,0.9142101037678756,0.7003665200586432,0.6993081535386665
iqr,pls30,elasticnet,2,30.0,0.9171608130180258,0.7044315607090498,0.7049359955020332
iqr,pls30,svm,2,30.0,0.9211829757045656,0.7125616420098627,0.7209957050447847
iqr,pls30,mlp,2,30.0,0.9088541770616652,0.6836998533919765,0.6849282079243911
iqr,pls30,cnn,2,30.0,0.900586872759703,0.701359456217513,0.7122214511527488
iqr,ae,xgboost,3,64.0,0.8591890855735401,0.5920054200542005,0.5914990551867452
iqr,ae,random_forest,3,64.0,0.8530946422330145,0.6157181571815719,0.6099381564133805
iqr,ae,logistic,3,64.0,0.8898553604425854,0.696070460704607,0.6679688270691525
iqr,ae,elasticnet,3,64.0,0.8890060773536484,0.696070460704607,0.6679688270691525
iqr,ae,svm,3,64.0,0.8616223377781967,0.6560975609756098,0.6375041542040545
iqr,ae,mlp,3,64.0,0.8799026904933508,0.7086720867208672,0.6748581877892222
iqr,ae,cnn,3,64.0,0.8594123531507339,0.6430894308943089,0.6201727642276422
iqr,ae_vae,xgboost,3,64.0,0.8249262292229385,0.5920054200542005,0.5924675698611869
iqr,ae_vae,random_forest,3,64.0,0.821274695037754,0.6105691056910569,0.5997869158112565
iqr,ae_vae,logistic,3,64.0,0.8488576872788888,0.6191056910569105,0.5999407216819908
iqr,ae_vae,elasticnet,3,64.0,0.8480179746046286,0.6191056910569105,0.5992933723196882
iqr,ae_vae,svm,3,64.0,0.8405721732755852,0.6257452574525745,0.6156384671597653
iqr,ae_vae,mlp,3,64.0,0.8627191653026721,0.6468834688346884,0.6204261404261405
iqr,ae_vae,cnn,3,64.0,0.8380072787540911,0.6090785907859079,0.5671825746241055
iqr,chrom_hmm,xgboost,3,15.0,0.8726599728024343,0.646070460704607,0.6421717171717172
iqr,chrom_hmm,random_forest,3,15.0,0.8901027879375728,0.6678861788617886,0.6610363247123053
iqr,chrom_hmm,logistic,3,15.0,0.8852472385190574,0.6953929539295393,0.6505499438832772
iqr,chrom_hmm,elasticnet,3,15.0,0.8855561673885174,0.6953929539295393,0.6509673025902748
iqr,chrom_hmm,svm,3,15.0,0.8980199859821023,0.7208672086720868,0.6907418350456326
iqr,chrom_hmm,mlp,3,15.0,0.9036741317772194,0.7546070460704607,0.7385616028708134
iqr,chrom_hmm,cnn,3,15.0,0.8352804636683483,0.5696476964769648,0.5788840788840789
iqr,none,xgboost,3,6342.0,0.8967685022403938,0.667479674796748,0.671989977889654
iqr,none,random_forest,3,6342.0,0.8715249174119054,0.6552845528455284,0.6549271132156622
iqr,none,logistic,3,6342.0,0.8945213398730232,0.7108401084010839,0.7020310130111161
iqr,none,elasticnet,3,6342.0,0.8905451366202422,0.6901084010840108,0.681638912059218
iqr,none,svm,3,6342.0,0.8830600432661327,0.6956639566395664,0.6845726073133646
iqr,none,mlp,3,6342.0,0.8230285553856644,0.6201897018970189,0.5427214967951864
iqr,none,cnn,3,6342.0,0.8004047359239127,0.4349593495934959,0.3588089251545772
iqr,pca100,xgboost,3,100.0,0.87610079882558,0.7001355013550135,0.6783430763609791
iqr,pca100,random_forest,3,100.0,0.8596999567413515,0.6682926829268293,0.6573556174061982
iqr,pca100,logistic,3,100.0,0.8817298585337413,0.6956639566395664,0.6845726073133646
iqr,pca100,elasticnet,3,100.0,0.88095670374337,0.6971544715447154,0.685754228041462
iqr,pca100,svm,3,100.0,0.8745281589104209,0.6956639566395664,0.6787801293356849
iqr,pca100,mlp,3,100.0,0.8692953920184051,0.6482384823848238,0.6483727246935902
iqr,pca100,cnn,3,100.0,0.7946031187390029,0.5696476964769648,0.5212586570310148
iqr,pca200,xgboost,3,200.0,0.883432508275649,0.712330623306233,0.7042929292929293
iqr,pca200,random_forest,3,200.0,0.854710886940753,0.6727642276422765,0.6551696890679941
iqr,pca200,logistic,3,200.0,0.8763916252977774,0.671951219512195,0.6694735153775211
iqr,pca200,elasticnet,3,200.0,0.877738817863876,0.6567750677506775,0.6550423308937295
iqr,pca200,svm,3,200.0,0.8733140867897218,0.7012195121951219,0.6926242481798037
iqr,pca200,mlp,3,200.0,0.8854183412553539,0.7078590785907859,0.7032517284835267
iqr,pca200,cnn,3,200.0,0.7561486406081958,0.4982384823848238,0.4429284617772504
iqr,pca300,xgboost,3,300.0,0.8826520096186877,0.6971544715447154,0.6850095785440612
iqr,pca300,random_forest,3,300.0,0.8380620864514361,0.6413279132791329,0.6237384925909516
iqr,pca300,logistic,3,300.0,0.8858293592256552,0.6886178861788618,0.6863722419934718
iqr,pca300,elasticnet,3,300.0,0.886837662753181,0.6997289972899728,0.6958061701144705
iqr,pca300,svm,3,300.0,0.8745028482976075,0.7052845528455284,0.6967394745172523
iqr,pca300,mlp,3,300.0,0.8824079079129649,0.7371273712737128,0.73618700667881
iqr,pca300,cnn,3,300.0,0.8278089400957528,0.6372628726287263,0.6139260948038378
iqr,pls20,xgboost,3,20.0,0.8594688635024986,0.6289972899728996,0.6312028750989839
iqr,pls20,random_forest,3,20.0,0.8452381316567239,0.6275067750677507,0.6325772688765611
iqr,pls20,logistic,3,20.0,0.8920632915939765,0.7108401084010839,0.7093573185346645
iqr,pls20,elasticnet,3,20.0,0.8920500679564928,0.6997289972899728,0.7001740089975383
iqr,pls20,svm,3,20.0,0.8805695322901862,0.7149051490514905,0.7122546013281369
iqr,pls20,mlp,3,20.0,0.880343247646782,0.6830623306233062,0.6870893330543689
iqr,pls20,cnn,3,20.0,0.8936920840228147,0.6775067750677507,0.681001486145881
iqr,pls30,xgboost,3,30.0,0.8609991007739405,0.6552845528455284,0.6573285415262479
iqr,pls30,random_forest,3,30.0,0.8373704392249666,0.6219512195121951,0.6267801674272858
iqr,pls30,logistic,3,30.0,0.8864949146764319,0.6649051490514905,0.666970275008436
iqr,pls30,elasticnet,3,30.0,0.8887541125652904,0.709349593495935,0.7079319532691125
iqr,pls30,svm,3,30.0,0.8787144669119985,0.6815718157181573,0.6845746845746845
iqr,pls30,mlp,3,30.0,0.8831347589228447,0.6693766937669378,0.6635832004253057
iqr,pls30,cnn,3,30.0,0.896111967583705,0.7234417344173442,0.7162993707494819
iqr,ae,xgboost,4,64.0,0.85556201672625,0.6681765389082462,0.6700250325668385
iqr,ae,random_forest,4,64.0,0.8493597291694807,0.6408052651955091,0.6389242791013717
iqr,ae,logistic,4,64.0,0.8690016784240346,0.7182926829268294,0.6896631790913622
iqr,ae,elasticnet,4,64.0,0.8666187552223001,0.7142276422764228,0.6844771371244521
iqr,ae,svm,4,64.0,0.8620091178602453,0.7005420054200542,0.6676630998664898
iqr,ae,mlp,4,64.0,0.8519478299318152,0.6566782810685249,0.6511018399657681
iqr,ae,cnn,4,64.0,0.840362684904591,0.5793650793650794,0.4871767833791648
iqr,ae_vae,xgboost,4,64.0,0.8273420009998,0.6238482384823848,0.6227086373427837
iqr,ae_vae,random_forest,4,64.0,0.8283388672584863,0.6123499806426635,0.6055467884363563
iqr,ae_vae,logistic,4,64.0,0.8324622814283725,0.6288424312814557,0.5911182118078671
iqr,ae_vae,elasticnet,4,64.0,0.8327596600790902,0.6247773906310492,0.5867867292524828
iqr,ae_vae,svm,4,64.0,0.7919947906803925,0.5937475803329462,0.547218359378069
iqr,ae_vae,mlp,4,64.0,0.8355102510101385,0.6562137049941928,0.6226262626262625
iqr,ae_vae,cnn,4,64.0,0.7975918660172524,0.5571041424699962,0.4328302336445149
iqr,chrom_hmm,xgboost,4,15.0,0.8768869935481015,0.6655052264808362,0.6652572233967583
iqr,chrom_hmm,random_forest,4,15.0,0.8446810145046979,0.6511227255129693,0.653750896415079
iqr,chrom_hmm,logistic,4,15.0,0.8136730944050723,0.6705962059620596,0.633675776959359
iqr,chrom_hmm,elasticnet,4,15.0,0.8194456086727784,0.6628532713898567,0.633566499848347
iqr,chrom_hmm,svm,4,15.0,0.8705027864296153,0.7541037553232676,0.7168285853784911
iqr,chrom_hmm,mlp,4,15.0,0.8380778149140685,0.6218737901664732,0.6109794896094226
iqr,chrom_hmm,cnn,4,15.0,0.8750751861314888,0.5404761904761904,0.5580501407623851
iqr,none,xgboost,4,6626.0,0.9147373922335874,0.6914827719705768,0.7026087972087183
iqr,none,random_forest,4,6626.0,0.8907697380211061,0.6874177313201703,0.6992737512968726
iqr,none,logistic,4,6626.0,0.904078735908825,0.7248161053039102,0.7375892920042268
iqr,none,elasticnet,4,6626.0,0.8898396997726735,0.7284939992257066,0.7299814151068631
iqr,none,svm,4,6626.0,0.9019882230816504,0.7165892373209446,0.7195555148487647
iqr,none,mlp,4,6626.0,0.8916813103758466,0.7554781262098335,0.766532385339261
iqr,none,cnn,4,6626.0,0.7569159931519239,0.4521099496709252,0.335352207905989
iqr,pca100,xgboost,4,100.0,0.881351271039605,0.735346496322106,0.7235692948461155
iqr,pca100,random_forest,4,100.0,0.8500801905339691,0.6648083623693379,0.6615813305468478
iqr,pca100,logistic,4,100.0,0.891443714367253,0.7180797522260937,0.7161839539639511
iqr,pca100,elasticnet,4,100.0,0.8924348987936422,0.7022067363530778,0.7022067363530778
iqr,pca100,svm,4,100.0,0.901704732526464,0.7172861014324429,0.7144439828278633
iqr,pca100,mlp,4,100.0,0.8835448661365645,0.6948703058459156,0.6979224850898214
iqr,pca100,cnn,4,100.0,0.8327283327244602,0.6747580332946187,0.6485408853829906
iqr,pca200,xgboost,4,200.0,0.8749302031119095,0.6880371660859467,0.6737957551836327
iqr,pca200,random_forest,4,200.0,0.8342981445640444,0.6736546651180797,0.6596467138668384
iqr,pca200,logistic,4,200.0,0.8989367241983791,0.7173828881145954,0.7199720111955218
iqr,pca200,elasticnet,4,200.0,0.900196321709816,0.7133178474641889,0.7159069705451153
iqr,pca200,svm,4,200.0,0.9037182342301452,0.726906697638405,0.7281286023800995
iqr,pca200,mlp,4,200.0,0.8728747396799464,0.6789972899728998,0.681358684265661
iqr,pca200,cnn,4,200.0,0.8213847685813377,0.5610143244289586,0.5308274231678487
iqr,pca300,xgboost,4,300.0,0.880552331783721,0.7087688734030198,0.6936206896551725
iqr,pca300,random_forest,4,300.0,0.8292320908237194,0.6669183120402632,0.6350856981162584
iqr,pca300,logistic,4,300.0,0.8941788305856712,0.7070654277971351,0.7109193843504467
iqr,pca300,elasticnet,4,300.0,0.8971858391922042,0.695954316686024,0.6982552800734618
iqr,pca300,svm,4,300.0,0.901753682075654,0.7221447928765001,0.7269913953605395
iqr,pca300,mlp,4,300.0,0.8969611979749659,0.7380178087495161,0.7373097792041325
iqr,pca300,cnn,4,300.0,0.8444462227222224,0.6138985675571041,0.6222222222222222
iqr,pls20,xgboost,4,20.0,0.9026260034507588,0.6612272551296942,0.6734674329501914
iqr,pls20,random_forest,4,20.0,0.8710807812155155,0.6892953929539295,0.7183273004381787
iqr,pls20,logistic,4,20.0,0.8986908846237948,0.7008130081300813,0.7150798816568047
iqr,pls20,elasticnet,4,20.0,0.8976501352752836,0.6952574525745258,0.7102229601518028
iqr,pls20,svm,4,20.0,0.8964150819970559,0.7096399535423926,0.7242044358727098
iqr,pls20,mlp,4,20.0,0.8953045255156763,0.6864305071622144,0.6938513037350247
iqr,pls20,cnn,4,20.0,0.8826916769088468,0.6517034456058846,0.6601004124081048
iqr,pls30,xgboost,4,30.0,0.9056022546848552,0.6778939217963608,0.6962900663489394
iqr,pls30,random_forest,4,30.0,0.8642688665767624,0.6892953929539295,0.722495894909688
iqr,pls30,logistic,4,30.0,0.8937432636050607,0.6834494773519163,0.6969078569320847
iqr,pls30,elasticnet,4,30.0,0.8939161596741724,0.7096399535423926,0.7300670375124804
iqr,pls30,svm,4,30.0,0.8877733090350336,0.6815718157181573,0.690961793017073
iqr,pls30,mlp,4,30.0,0.8785709232930964,0.6616337591947348,0.6732454814115978
iqr,pls30,cnn,4,30.0,0.878018367369319,0.609659310878823,0.593890805251254
lasso,ae,xgboost,0,64.0,0.8750604377425543,0.6336665333866454,0.6305849189570121
lasso,ae,random_forest,0,64.0,0.8928174701141985,0.7207916833266693,0.7072181147516433
lasso,ae,logistic,0,64.0,0.9284068126604316,0.7976675996268159,0.7380658436213992
lasso,ae,elasticnet,0,64.0,0.928022395834356,0.8017326402772224,0.7435198469631755
lasso,ae,svm,0,64.0,0.917437832148941,0.7810009329601493,0.725763503330444
lasso,ae,mlp,0,64.0,0.9155724145499478,0.7707916833266694,0.740015648129485
lasso,ae,cnn,0,64.0,0.90743817127316,0.7392243102758895,0.6619542619542619
lasso,ae_vae,xgboost,0,64.0,0.8800046098232706,0.7552512328401972,0.7375693249187226
lasso,ae_vae,random_forest,0,64.0,0.8855046846450937,0.7014594162335066,0.6863526834611172
lasso,ae_vae,logistic,0,64.0,0.9031785231510572,0.7602692256430762,0.7099284158107687
lasso,ae_vae,elasticnet,0,64.0,0.9012137881752128,0.7602692256430762,0.7099284158107687
lasso,ae_vae,svm,0,64.0,0.8897548707696544,0.7616686658669866,0.712516186092896
lasso,ae_vae,mlp,0,64.0,0.9037241399262604,0.7633413301346127,0.7042171717171718
lasso,ae_vae,cnn,0,64.0,0.9108825545320228,0.7502932160469147,0.6637799564270153
lasso,chrom_hmm,xgboost,0,15.0,0.880486799614312,0.7024523523923764,0.7015042451088963
lasso,chrom_hmm,random_forest,0,15.0,0.8918515502828837,0.7300479808076769,0.7240666073205215
lasso,chrom_hmm,logistic,0,15.0,0.8922012268775523,0.7252632280421164,0.7015594978267763
lasso,chrom_hmm,elasticnet,0,15.0,0.8988567722760319,0.7197987471677996,0.6939031988932188
lasso,chrom_hmm,svm,0,15.0,0.9054262093765248,0.7710649073703851,0.7247887337232805
lasso,chrom_hmm,mlp,0,15.0,0.86984218536382,0.5792349726775957,0.5478801169590644
lasso,chrom_hmm,cnn,0,15.0,0.8505757934023229,0.4903371984539517,0.4406130268199233
lasso,none,xgboost,0,4033.0,0.928378820038496,0.7300479808076769,0.7262254397540041
lasso,none,random_forest,0,4033.0,0.9294419771216632,0.6996534719445555,0.7006102840249181
lasso,none,logistic,0,4033.0,0.9282212066039712,0.6851059576169533,0.6970772635072837
lasso,none,elasticnet,0,4033.0,0.910067866382334,0.6660469145675063,0.6723863293578436
lasso,none,svm,0,4033.0,0.9243209404708204,0.6993802479008396,0.7058381061978899
lasso,none,mlp,0,4033.0,0.8987117105258084,0.7147807543649206,0.7134773980118053
lasso,none,cnn,0,4033.0,0.8439852223103629,0.3333333333333333,0.181547619047619
lasso,pca100,xgboost,0,100.0,0.9005509921475561,0.6623883779821406,0.6654186028371165
lasso,pca100,random_forest,0,100.0,0.903429801841352,0.7133813141410102,0.7175465057817999
lasso,pca100,logistic,0,100.0,0.935272153257116,0.7521791283486605,0.7475519511459883
lasso,pca100,elasticnet,0,100.0,0.935923238997826,0.7631080900972944,0.7638554216867469
lasso,pca100,svm,0,100.0,0.9242898829180656,0.7219178995068639,0.7161095185751952
lasso,pca100,mlp,0,100.0,0.9238282247860116,0.7824403571904571,0.7792422232050714
lasso,pca100,cnn,0,100.0,0.8584712880307062,0.7052112488337997,0.6619586052421873
lasso,pca200,xgboost,0,200.0,0.9080108986616972,0.6678528588564574,0.6705990088343029
lasso,pca200,random_forest,0,200.0,0.902446916204681,0.6888577902172464,0.6880046050001409
lasso,pca200,logistic,0,200.0,0.930758617933552,0.682440357190457,0.6869095816464238
lasso,pca200,elasticnet,0,200.0,0.9325407878908046,0.7198387311741969,0.7241560281487686
lasso,pca200,svm,0,200.0,0.9248636817328296,0.7184392909502865,0.7298850574712644
lasso,pca200,mlp,0,200.0,0.9217535389874296,0.7296414767426364,0.738068179297802
lasso,pca200,cnn,0,200.0,0.8799755309858458,0.6287884846061575,0.6387096774193548
lasso,pca300,xgboost,0,300.0,0.898126771538322,0.6817206450753033,0.6855729804913108
lasso,pca300,random_forest,0,300.0,0.8978394776772811,0.6790550446488072,0.678362167768638
lasso,pca300,logistic,0,300.0,0.9315785272005398,0.6810409169665467,0.6884623618727664
lasso,pca300,elasticnet,0,300.0,0.9313641450973446,0.7253032120485138,0.7368954103058148
lasso,pca300,svm,0,300.0,0.92633631279846,0.7103092096494735,0.721127315727237
lasso,pca300,mlp,0,300.0,0.905909839986928,0.7143742502998801,0.7260536398467433
lasso,pca300,cnn,0,300.0,0.840860611875866,0.3455284552845528,0.2075414781297134
lasso,pls20,xgboost,0,20.0,0.9057114874137084,0.7017726242836199,0.7113665389527458
lasso,pls20,random_forest,0,20.0,0.8968937389452843,0.68817806210849,0.6999789482548104
lasso,pls20,logistic,0,20.0,0.9157201833782184,0.6657736905237904,0.6733318133454933
lasso,pls20,elasticnet,0,20.0,0.9187490694821095,0.6919698787151806,0.7028869351208692
lasso,pls20,svm,0,20.0,0.9161337891658836,0.6739037718246035,0.6851123744753201
lasso,pls20,mlp,0,20.0,0.8978195985225853,0.6603092096494736,0.6677762577899378
lasso,pls20,cnn,0,20.0,0.905967182729419,0.6838397974143676,0.6936676309868209
lasso,pls30,xgboost,0,30.0,0.9034657585149808,0.7003731840597095,0.7088732940502851
lasso,pls30,random_forest,0,30.0,0.900273319260169,0.6936425429828068,0.704657677024298
lasso,pls30,logistic,0,30.0,0.917516081426073,0.667173130747701,0.6750113999088008
lasso,pls30,elasticnet,0,30.0,0.9207200393673516,0.6712381713981075,0.6802485745403294
lasso,pls30,svm,0,30.0,0.9148065342492148,0.7017726242836199,0.7133198895610775
lasso,pls30,mlp,0,30.0,0.8994618731232582,0.6712381713981075,0.684682807445473
lasso,pls30,cnn,0,30.0,0.8972918233512036,0.6481140876982541,0.6534145822071519
lasso,ae,xgboost,1,64.0,0.882266119494158,0.7289825970548862,0.7370705742985573
lasso,ae,random_forest,1,64.0,0.8959145433886633,0.7249665327978582,0.7244719926538109
lasso,ae,logistic,1,64.0,0.9065992396498888,0.7027443105756359,0.7022956841138659
lasso,ae,elasticnet,1,64.0,0.9062911148520576,0.7027443105756359,0.7022956841138659
lasso,ae,svm,1,64.0,0.904142203048508,0.6795850066934405,0.6697025133188004
lasso,ae,mlp,1,64.0,0.9012733146813156,0.7431726907630521,0.7314930705168102
lasso,ae,cnn,1,64.0,0.8862217671464366,0.7366800535475235,0.6897467320261438
lasso,ae_vae,xgboost,1,64.0,0.8832093985737686,0.7113788487282463,0.7029393370856786
lasso,ae_vae,random_forest,1,64.0,0.8876802773135678,0.7224899598393574,0.7076947637292464
lasso,ae_vae,logistic,1,64.0,0.9025368134679166,0.7230923694779117,0.6920178799489145
lasso,ae_vae,elasticnet,1,64.0,0.9009825403862716,0.7230923694779117,0.6920178799489145
lasso,ae_vae,svm,1,64.0,0.8870574019889729,0.7397590361445783,0.7025666536379681
lasso,ae_vae,mlp,1,64.0,0.9036104985265704,0.699330655957162,0.6713807788881256
lasso,ae_vae,cnn,1,64.0,0.8822292962557906,0.7085676037483267,0.6653856135526585
lasso,chrom_hmm,xgboost,1,15.0,0.8848915873056123,0.7027443105756359,0.7089012434241989
lasso,chrom_hmm,random_forest,1,15.0,0.9163518065063566,0.6820615796519411,0.6929138715398256
lasso,chrom_hmm,logistic,1,15.0,0.9027300127706608,0.7376171352074966,0.711034506052175
lasso,chrom_hmm,elasticnet,1,15.0,0.9036028537169022,0.774966532797858,0.748083808342058
lasso,chrom_hmm,svm,1,15.0,0.9025938933501222,0.7153949129852744,0.7074654591895971
lasso,chrom_hmm,mlp,1,15.0,0.8620651092840822,0.5695448460508702,0.4671773400577283
lasso,chrom_hmm,cnn,1,15.0,0.8985006084491404,0.7098393574297188,0.719528775480605
lasso,none,xgboost,1,4340.0,0.9227743810692108,0.7061579651941097,0.7152195564804628
lasso,none,random_forest,1,4340.0,0.9262295265884868,0.7259036144578314,0.7428209993674889
lasso,none,logistic,1,4340.0,0.9229498674536106,0.7163319946452477,0.7254077574380222
lasso,none,elasticnet,1,4340.0,0.9122386165841542,0.6829986613119142,0.6941457586618877
lasso,none,svm,1,4340.0,0.9251977584677316,0.6981258366800537,0.7097222222222221
lasso,none,mlp,1,4340.0,0.916025322917942,0.611111111111111,0.6115715338513266
lasso,none,cnn,1,4340.0,0.8354012878635642,0.4532128514056224,0.2746841455305405
lasso,pca100,xgboost,1,100.0,0.8918963029341436,0.7360776439089692,0.7338137472283813
lasso,pca100,random_forest,1,100.0,0.8933561769880344,0.6885542168674698,0.6954311766417693
lasso,pca100,logistic,1,100.0,0.9117256656471768,0.713855421686747,0.7148372343287598
lasso,pca100,elasticnet,1,100.0,0.912636753363739,0.6829986613119142,0.686382956393976
lasso,pca100,svm,1,100.0,0.926579336560036,0.7481258366800535,0.7620609411802436
lasso,pca100,mlp,1,100.0,0.9129732772264062,0.735140562248996,0.7316786986636838
lasso,pca100,cnn,1,100.0,0.8797276109666448,0.7190763052208835,0.7031916006526099
lasso,pca200,xgboost,1,200.0,0.904535652283927,0.7360776439089692,0.7408202299185881
lasso,pca200,random_forest,1,200.0,0.8981645492509336,0.6962516733601071,0.6977859676729196
lasso,pca200,logistic,1,200.0,0.921982670083325,0.7314591700133869,0.7408431141051461
lasso,pca200,elasticnet,1,200.0,0.9211462854154984,0.7379518072289156,0.7565134099616859
lasso,pca200,svm,1,200.0,0.9296669921362868,0.7228246318607764,0.7408810916179337
lasso,pca200,mlp,1,200.0,0.9016882600445004,0.7147925033467203,0.7290590692292495
lasso,pca200,cnn,1,200.0,0.9089305771300742,0.7187416331994645,0.6296242341977958
lasso,pca300,xgboost,1,300.0,0.9025551694182528,0.7360776439089692,0.7385715747991197
lasso,pca300,random_forest,1,300.0,0.8898933275819462,0.7144578313253013,0.713911997467553
lasso,pca300,logistic,1,300.0,0.9222655132717712,0.7092369477911648,0.7197976899555091
lasso,pca300,elasticnet,1,300.0,0.9249050982484718,0.7299196787148595,0.7443982534577875
lasso,pca300,svm,1,300.0,0.9311697317706792,0.7021419009370816,0.716779266689027
lasso,pca300,mlp,1,300.0,0.906775079929104,0.7465863453815261,0.7685141059855128
lasso,pca300,cnn,1,300.0,0.8800965409150576,0.5745649263721553,0.4665992919949754
lasso,pls20,xgboost,1,20.0,0.8890568361208202,0.6870147255689424,0.6996933885640025
lasso,pls20,random_forest,1,20.0,0.8979299010830477,0.7147925033467203,0.7322689693374128
lasso,pls20,logistic,1,20.0,0.9095748974579831,0.6703480589022757,0.6782029390754939
lasso,pls20,elasticnet,1,20.0,0.90909693382351,0.6703480589022757,0.6795366004290954
lasso,pls20,svm,1,20.0,0.9078595562234,0.6839357429718875,0.7027187473207027
lasso,pls20,mlp,1,20.0,0.8988690078393553,0.6512048192771084,0.6566941087172301
lasso,pls20,cnn,1,20.0,0.9003892848648084,0.6814591700133869,0.7017731320170344
lasso,pls30,xgboost,1,30.0,0.8889749517907782,0.6910307898259705,0.7065723762671436
lasso,pls30,random_forest,1,30.0,0.8893575331038776,0.6845381526104418,0.696300422410992
lasso,pls30,logistic,1,30.0,0.9087301590547584,0.6941097724230253,0.7086766907116355
lasso,pls30,elasticnet,1,30.0,0.9082657138613976,0.6925702811244979,0.7053408615274742
lasso,pls30,svm,1,30.0,0.9087213531519884,0.6965863453815261,0.7148997428883578
lasso,pls30,mlp,1,30.0,0.8961403265766349,0.6512048192771084,0.6599078341013825
lasso,pls30,cnn,1,30.0,0.9068856240586852,0.6718875502008032,0.6887925692258676
lasso,ae,xgboost,2,64.0,0.8739649666454108,0.6968479274956684,0.6954695521550373
lasso,ae,random_forest,2,64.0,0.8851839150515105,0.7076436092229774,0.7076436092229774
lasso,ae,logistic,2,64.0,0.9310407477191744,0.7943222710915633,0.7460761460761461
lasso,ae,elasticnet,2,64.0,0.9319058055586972,0.7957217113154739,0.7474183861280635
lasso,ae,svm,2,64.0,0.9294603408338308,0.7885845661735306,0.7507085606314571
lasso,ae,mlp,2,64.0,0.9082084174860136,0.7729108356657336,0.7514790104075818
lasso,ae,cnn,2,64.0,0.8947218647806386,0.5865053978408636,0.5710858299093594
lasso,ae_vae,xgboost,2,64.0,0.8848134072222215,0.7199720111955218,0.7171747967479675
lasso,ae_vae,random_forest,2,64.0,0.8861566398726044,0.7440490470478475,0.7248033126293997
lasso,ae_vae,logistic,2,64.0,0.9119080578652308,0.7681260829001731,0.7239683852587078
lasso,ae_vae,elasticnet,2,64.0,0.9129816124260176,0.7681260829001731,0.7239683852587078
lasso,ae_vae,svm,2,64.0,0.8908137935719059,0.76098893775823,0.7262355431173703
lasso,ae_vae,mlp,2,64.0,0.9099560252414144,0.7817206450753033,0.7410367313466398
lasso,ae_vae,cnn,2,64.0,0.9019564721099792,0.8028588564574171,0.7459214248205074
lasso,chrom_hmm,xgboost,2,15.0,0.905520311998505,0.7131080900972945,0.7125912651002256
lasso,chrom_hmm,random_forest,2,15.0,0.9106499581491284,0.6947687591630015,0.699057942960382
lasso,chrom_hmm,logistic,2,15.0,0.920997680425674,0.7497867519658804,0.7192918061103315
lasso,chrom_hmm,elasticnet,2,15.0,0.9230593991207392,0.7593162734906037,0.730333931533132
lasso,chrom_hmm,svm,2,15.0,0.9224716114234818,0.7702452352392376,0.7432940923506962
lasso,chrom_hmm,mlp,2,15.0,0.9146020420338145,0.6150872984139677,0.5697145869847106
lasso,chrom_hmm,cnn,2,15.0,0.9101191408569111,0.7321671331467413,0.7504381474604799
lasso,none,xgboost,2,4367.0,0.9292478273218002,0.6944955351192856,0.7022464859437751
lasso,none,random_forest,2,4367.0,0.9217510202609628,0.717173130747701,0.7242440196985651
lasso,none,logistic,2,4367.0,0.938433241221407,0.7346927895508464,0.7429738562091504
lasso,none,elasticnet,2,4367.0,0.9313981103815496,0.7251632680261229,0.7292378917378918
lasso,none,svm,2,4367.0,0.9279618197258984,0.7306277489004399,0.7362383947289608
lasso,none,mlp,2,4367.0,0.9249369504127732,0.666759962681594,0.6720417551309271
lasso,none,cnn,2,4367.0,0.7233049177824862,0.3333333333333333,0.0728597449908925
lasso,pca100,xgboost,2,100.0,0.9320552267570846,0.7699720111955218,0.7733017437935471
lasso,pca100,random_forest,2,100.0,0.9174131880935432,0.7395775023324004,0.7360467133962043
lasso,pca100,logistic,2,100.0,0.9417655012265532,0.8013594562175129,0.8050365785752959
lasso,pca100,elasticnet,2,100.0,0.941471921945876,0.7846927895508463,0.7907692576297226
lasso,pca100,svm,2,100.0,0.9309464337833384,0.7349660135945623,0.7353966484401266
lasso,pca100,mlp,2,100.0,0.9388399346025446,0.8075036652005864,0.8012161493089066
lasso,pca100,cnn,2,100.0,0.8431176443737431,0.5447154471544716,0.3593542260208927
lasso,pca200,xgboost,2,200.0,0.9342658193801396,0.7559709449553512,0.7572443348596923
lasso,pca200,random_forest,2,200.0,0.905273989843234,0.7273823803811809,0.7148747124936422
lasso,pca200,logistic,2,200.0,0.9378228624011355,0.80682393709183,0.809942089888792
lasso,pca200,elasticnet,2,200.0,0.939396713108274,0.7734906037584967,0.7802497549332993
lasso,pca200,svm,2,200.0,0.9340962363220126,0.727828868452619,0.7328317901234568
lasso,pca200,mlp,2,200.0,0.9344680933076948,0.7449020391843262,0.7429232804232804
lasso,pca200,cnn,2,200.0,0.8565135301348006,0.53052112488338,0.3989038484451329
lasso,pca300,xgboost,2,300.0,0.930109982844706,0.7185725709716113,0.7237677527151211
lasso,pca300,random_forest,2,300.0,0.8954879199804759,0.7785085965613754,0.7603425412718279
lasso,pca300,logistic,2,300.0,0.9394406504842068,0.7734906037584967,0.7802497549332993
lasso,pca300,elasticnet,2,300.0,0.9376862942225032,0.7401572704251632,0.750495663477922
lasso,pca300,svm,2,300.0,0.9358402104876066,0.7404304944688791,0.7469866949138941
lasso,pca300,mlp,2,300.0,0.9202304398850616,0.7030321204851392,0.7051179137068707
lasso,pca300,cnn,2,300.0,0.8649415986272094,0.6552645608423298,0.5605224963715529
lasso,pls20,xgboost,2,20.0,0.9238690957758888,0.7387578302012529,0.751104797979798
lasso,pls20,random_forest,2,20.0,0.920599895138511,0.7068239370918299,0.7205197032989723
lasso,pls20,logistic,2,20.0,0.9303124826046376,0.6972944155671065,0.7041872210476862
lasso,pls20,elasticnet,2,20.0,0.9329324787665634,0.6972944155671065,0.7041872210476862
lasso,pls20,svm,2,20.0,0.9336418120345072,0.6918299346927895,0.7016994237331788
lasso,pls20,mlp,2,20.0,0.9164263669393644,0.6823004131680661,0.6950892857142857
lasso,pls20,cnn,2,20.0,0.9321198435492588,0.7111622017859522,0.7243579881656804
lasso,pls30,xgboost,2,30.0,0.9210922189078636,0.7444955351192856,0.7595914490297009
lasso,pls30,random_forest,2,30.0,0.9270707771014184,0.712288417966147,0.7256479084271774
lasso,pls30,logistic,2,30.0,0.9303447513539947,0.7027588964414234,0.7111612401934982
lasso,pls30,elasticnet,2,30.0,0.9338426851786212,0.6972944155671065,0.7021978147899871
lasso,pls30,svm,2,30.0,0.9350580225036978,0.6918299346927895,0.7016994237331788
lasso,pls30,mlp,2,30.0,0.923981867049738,0.7194255631080901,0.7326666165375842
lasso,pls30,cnn,2,30.0,0.9348182773568174,0.7360922297747567,0.739494301994302
lasso,ae,xgboost,3,64.0,0.8660757052544289,0.6663956639566395,0.6609966621627458
lasso,ae,random_forest,3,64.0,0.8632629926565077,0.7067750677506774,0.6956189004061345
lasso,ae,logistic,3,64.0,0.8936481354250163,0.7153116531165312,0.6825535816863321
lasso,ae,elasticnet,3,64.0,0.8942011285792227,0.7153116531165312,0.6824129743172543
lasso,ae,svm,3,64.0,0.876253340757655,0.7001355013550135,0.6738953904943874
lasso,ae,mlp,3,64.0,0.8853167012062277,0.6875338753387533,0.6675277029050614
lasso,ae,cnn,3,64.0,0.8637132020830012,0.663821138211382,0.642710027100271
lasso,ae_vae,xgboost,3,64.0,0.8615343142868048,0.6875338753387533,0.6744602188701568
lasso,ae_vae,random_forest,3,64.0,0.8721874464412277,0.7289972899728997,0.7155013032672608
lasso,ae_vae,logistic,3,64.0,0.866224879298641,0.6990514905149051,0.6569891681242136
lasso,ae_vae,elasticnet,3,64.0,0.8669738180397545,0.6990514905149051,0.6569891681242136
lasso,ae_vae,svm,3,64.0,0.8587532621736048,0.6920054200542006,0.6572022748493337
lasso,ae_vae,mlp,3,64.0,0.8604713761339492,0.7071815718157182,0.6732558883768561
lasso,ae_vae,cnn,3,64.0,0.8554857139810007,0.6565040650406504,0.6026120593164802
lasso,chrom_hmm,xgboost,3,15.0,0.8611880813816423,0.6678861788617886,0.662878787878788
lasso,chrom_hmm,random_forest,3,15.0,0.8676419298109717,0.6815718157181573,0.6727582846003899
lasso,chrom_hmm,logistic,3,15.0,0.8906064883108096,0.7138211382113822,0.6809241867428882
lasso,chrom_hmm,elasticnet,3,15.0,0.8951548676457491,0.7304878048780488,0.6911417787213966
lasso,chrom_hmm,svm,3,15.0,0.8877525635239781,0.7345528455284552,0.6961972242125096
lasso,chrom_hmm,mlp,3,15.0,0.8557959525846295,0.7168021680216802,0.6667169431875314
lasso,chrom_hmm,cnn,3,15.0,0.8506779324386726,0.5796747967479675,0.5414579035268691
lasso,none,xgboost,3,4434.0,0.8823826300435057,0.667479674796748,0.6701920243034302
lasso,none,random_forest,3,4434.0,0.870281570393721,0.6260162601626016,0.625296442687747
lasso,none,logistic,3,4434.0,0.8933294069373999,0.6871273712737128,0.6843915343915343
lasso,none,elasticnet,3,4434.0,0.8917093827110598,0.7037940379403794,0.6981966558237745
lasso,none,svm,3,4434.0,0.8863178853930213,0.7174796747967479,0.7275170230693903
lasso,none,mlp,3,4434.0,0.867993291728692,0.7176151761517615,0.6646767525328245
lasso,none,cnn,3,4434.0,0.8394546238855097,0.6319783197831979,0.6160200733449142
lasso,pca100,xgboost,3,100.0,0.8704211132141699,0.6749322493224933,0.6738247863247864
lasso,pca100,random_forest,3,100.0,0.8384481259200882,0.6871273712737128,0.6867650289847725
lasso,pca100,logistic,3,100.0,0.8869075885249323,0.7012195121951219,0.6953310139061727
lasso,pca100,elasticnet,3,100.0,0.8875319575137204,0.6956639566395664,0.690154718431674
lasso,pca100,svm,3,100.0,0.8768546022936065,0.6897018970189702,0.6851312235358412
lasso,pca100,mlp,3,100.0,0.8785056578645046,0.7264227642276423,0.7211902419297168
lasso,pca100,cnn,3,100.0,0.8511630439419555,0.6678861788617886,0.6439959663508743
lasso,pca200,xgboost,3,200.0,0.8622446860342672,0.6734417344173441,0.6726581196581197
lasso,pca200,random_forest,3,200.0,0.8382870566830496,0.7163956639566395,0.710145730014284
lasso,pca200,logistic,3,200.0,0.8878909369389193,0.6456639566395664,0.6445641511629839
lasso,pca200,elasticnet,3,200.0,0.8873081005561505,0.6830623306233062,0.6823450043850773
lasso,pca200,svm,3,200.0,0.8853950560528802,0.7063685636856368,0.712139968189048
lasso,pca200,mlp,3,200.0,0.8887801294990304,0.6760162601626015,0.6830535650011452
lasso,pca200,cnn,3,200.0,0.8261183024872225,0.6178861788617885,0.596065150782132
lasso,pca300,xgboost,3,300.0,0.8663112235237239,0.671951219512195,0.6704072221935808
lasso,pca300,random_forest,3,300.0,0.8426399020618209,0.657859078590786,0.6559873499748713
lasso,pca300,logistic,3,300.0,0.8925802857690273,0.6775067750677507,0.6744235123681764
lasso,pca300,elasticnet,3,300.0,0.8927968362809836,0.6815718157181573,0.6780303852807273
lasso,pca300,svm,3,300.0,0.8876680248609997,0.7230352303523034,0.7351079816570615
lasso,pca300,mlp,3,300.0,0.8813611402994725,0.6886178861788618,0.693230938725252
lasso,pca300,cnn,3,300.0,0.8230157199908095,0.5775067750677506,0.5578353117089568
lasso,pls20,xgboost,3,20.0,0.8494833285808693,0.6386178861788618,0.6379495236670158
lasso,pls20,random_forest,3,20.0,0.8470668526676292,0.6915989159891599,0.6960648148148149
lasso,pls20,logistic,3,20.0,0.8800899637690107,0.6508130081300814,0.6524519129148172
lasso,pls20,elasticnet,3,20.0,0.8790845135909243,0.6452574525745257,0.646560854822298
lasso,pls20,svm,3,20.0,0.8690618196398755,0.6523035230352304,0.6578097116558655
lasso,pls20,mlp,3,20.0,0.87028080794133,0.668970189701897,0.6739815735904392
lasso,pls20,cnn,3,20.0,0.8704351109980998,0.6537940379403794,0.6589531680440771
lasso,pls30,xgboost,3,30.0,0.8508002382219347,0.6497289972899729,0.6475032504616743
lasso,pls30,random_forest,3,30.0,0.8462315509909448,0.6875338753387533,0.6896761147940392
lasso,pls30,logistic,3,30.0,0.8760763769609526,0.6452574525745257,0.6471709389712393
lasso,pls30,elasticnet,3,30.0,0.8788968567502576,0.6493224932249322,0.6514697761352534
lasso,pls30,svm,3,30.0,0.8677233227731338,0.6508130081300814,0.657022027762438
lasso,pls30,mlp,3,30.0,0.8640353031361023,0.6619241192411924,0.6640211640211641
lasso,pls30,cnn,3,30.0,0.8776256568316857,0.6548780487804878,0.6630746562742482
lasso,ae,xgboost,4,64.0,0.8637919984354685,0.6807781649245063,0.6804768218248706
lasso,ae,random_forest,4,64.0,0.8825265876056464,0.6523035230352304,0.6524120732582487
lasso,ae,logistic,4,64.0,0.9113168615459704,0.7966511807975222,0.7684636619698549
lasso,ae,elasticnet,4,64.0,0.9106542949904272,0.8022067363530777,0.77194378643654
lasso,ae,svm,4,64.0,0.9084458739840976,0.7441734417344174,0.7195660306771418
lasso,ae,mlp,4,64.0,0.9023125389300336,0.7268099109562525,0.7028113096196148
lasso,ae,cnn,4,64.0,0.8964281723724109,0.732675183894696,0.6931307686024667
lasso,ae_vae,xgboost,4,64.0,0.852377479940416,0.6891211769260549,0.668238993710692
lasso,ae_vae,random_forest,4,64.0,0.8681248954236102,0.6769260549748356,0.6540696137995222
lasso,ae_vae,logistic,4,64.0,0.8901464963644576,0.7071815718157182,0.672636815920398
lasso,ae_vae,elasticnet,4,64.0,0.8881189351000138,0.7071815718157182,0.672636815920398
lasso,ae_vae,svm,4,64.0,0.880383774402593,0.7071815718157182,0.6719864949661541
lasso,ae_vae,mlp,4,64.0,0.8884591674119325,0.7071815718157182,0.672636815920398
lasso,ae_vae,cnn,4,64.0,0.8915325017895078,0.7170925280681378,0.6788980836236934
lasso,chrom_hmm,xgboost,4,15.0,0.8939489345326002,0.6666860240030972,0.6706558485463151
lasso,chrom_hmm,random_forest,4,15.0,0.9043173243864128,0.7335462640340689,0.7300369902139813
lasso,chrom_hmm,logistic,4,15.0,0.8792236258430773,0.7367402245451026,0.6995800876338851
lasso,chrom_hmm,elasticnet,4,15.0,0.8812627690005912,0.7249322493224932,0.6944478908188586
lasso,chrom_hmm,svm,4,15.0,0.9055515241128752,0.7559814169570266,0.7228404350810497
lasso,chrom_hmm,mlp,4,15.0,0.8983732745463072,0.6351335656213705,0.6216743905800306
lasso,chrom_hmm,cnn,4,15.0,0.9090911795102682,0.7331397599690282,0.735255181679872
lasso,none,xgboost,4,4189.0,0.91167847456248,0.7107239643825011,0.7206971677559912
lasso,none,random_forest,4,4189.0,0.915726805538838,0.6899922570654278,0.6990040129575013
lasso,none,logistic,4,4189.0,0.9167500062199038,0.7270034843205574,0.7362598683890527
lasso,none,elasticnet,4,4189.0,0.8999490440429044,0.7166860240030971,0.7244713804713805
lasso,none,svm,4,4189.0,0.9186346744975123,0.7255129694154084,0.7301005005923039
lasso,none,mlp,4,4189.0,0.927632958772682,0.7385985288424313,0.736010267693436
lasso,none,cnn,4,4189.0,0.700206374533009,0.3333333333333333,0.0760869565217391
lasso,pca100,xgboost,4,100.0,0.902691843942844,0.7302748741773132,0.737008035211628
lasso,pca100,random_forest,4,100.0,0.8674830410641308,0.6881145954316685,0.6915836101882613
lasso,pca100,logistic,4,100.0,0.9026447859031886,0.6697638404955478,0.6715227422544495
lasso,pca100,elasticnet,4,100.0,0.9015538345936344,0.6738288811459543,0.6771170704322667
lasso,pca100,svm,4,100.0,0.916805158026308,0.7262098335269066,0.7286979440615505
lasso,pca100,mlp,4,100.0,0.8714190680980156,0.6697638404955478,0.6717864766398639
lasso,pca100,cnn,4,100.0,0.8936187158294132,0.682559039876113,0.6778959928701753
lasso,pca200,xgboost,4,200.0,0.90778126072779,0.728397212543554,0.7336010709504687
lasso,pca200,random_forest,4,200.0,0.859012897250016,0.6973480449090205,0.6958178504650778
lasso,pca200,logistic,4,200.0,0.9139377887827672,0.7391986062717769,0.7571198971391836
lasso,pca200,elasticnet,4,200.0,0.9138866231263406,0.7391986062717769,0.7538646305355007
lasso,pca200,svm,4,200.0,0.9204120670088948,0.7144018583042974,0.7188054882970137
lasso,pca200,mlp,4,200.0,0.8910783854864391,0.6967479674796748,0.7055598678561116
lasso,pca200,cnn,4,200.0,0.8064669847284948,0.5259969028261711,0.3968845676603852
lasso,pca300,xgboost,4,300.0,0.9025548483207876,0.7380178087495161,0.7384602325778796
lasso,pca300,random_forest,4,300.0,0.8383877929260692,0.6422957801006581,0.6395433931148217
lasso,pca300,logistic,4,300.0,0.9125290255392864,0.731068524970964,0.7429742388758783
lasso,pca300,elasticnet,4,300.0,0.9150724544129094,0.731068524970964,0.7429742388758783
lasso,pca300,svm,4,300.0,0.9227318259094468,0.7240224545102594,0.7369281045751634
lasso,pca300,mlp,4,300.0,0.901873660386214,0.6712543554006968,0.6784785407539898
lasso,pca300,cnn,4,300.0,0.9018325533371132,0.7180797522260937,0.6565302144249513
lasso,pls20,xgboost,4,20.0,0.9139840871402736,0.694850948509485,0.7062471500227998
lasso,pls20,random_forest,4,20.0,0.8975905810083781,0.6834494773519163,0.6915961945031713
lasso,pls20,logistic,4,20.0,0.9045190597016112,0.7255129694154084,0.7391763723033073
lasso,pls20,elasticnet,4,20.0,0.9073022105958404,0.7469415408439799,0.7632971317181844
lasso,pls20,svm,4,20.0,0.9051675016003862,0.7214479287650019,0.7318531549300781
lasso,pls20,mlp,4,20.0,0.8988613877284496,0.7229384436701509,0.7386948167696831
lasso,pls20,cnn,4,20.0,0.8847251864188329,0.6830429732868758,0.7059918939642896
lasso,pls30,xgboost,4,30.0,0.9055042979412176,0.694850948509485,0.708658842762889
lasso,pls30,random_forest,4,30.0,0.9011995416915728,0.6738288811459543,0.6823878318064365
lasso,pls30,logistic,4,30.0,0.9085411762028228,0.7240224545102594,0.7387398514566145
lasso,pls30,elasticnet,4,30.0,0.9090037922403494,0.7295780100658149,0.7437261857837342
lasso,pls30,svm,4,30.0,0.9046626852145812,0.7000193573364305,0.7131021999443051
lasso,pls30,mlp,4,30.0,0.894246376220564,0.6974448315911731,0.7086233063826265
lasso,pls30,cnn,4,30.0,0.873127503744084,0.6051684088269454,0.5820300772400994
panel_promoters,ae,xgboost,0,64.0,0.8132612925750573,0.5484806077568972,0.547991789231261
panel_promoters,ae,random_forest,0,64.0,0.7973222937160891,0.5525456484073038,0.5545618489464839
panel_promoters,ae,logistic,0,64.0,0.7942196129996827,0.6053045448487272,0.5697729876708348
panel_promoters,ae,elasticnet,0,64.0,0.7784638640849098,0.5581034252965481,0.5412186379928315
panel_promoters,ae,svm,0,64.0,0.7325379064212942,0.4959083033453286,0.4933671100498487
panel_promoters,ae,mlp,0,64.0,0.736113718336254,0.3333333333333333,0.181547619047619
panel_promoters,ae,cnn,0,64.0,0.7400303544231593,0.5189057710249233,0.5127946127946128
panel_promoters,ae_vae,xgboost,0,64.0,0.7710402927581415,0.5572904171664668,0.5540920989932987
panel_promoters,ae_vae,random_forest,0,64.0,0.7396000121313917,0.5184926029588165,0.519879097884213
panel_promoters,ae_vae,logistic,0,64.0,0.7142591570102917,0.5115820338531254,0.5037017986288224
panel_promoters,ae_vae,elasticnet,0,64.0,0.7120667689202368,0.5320405171264828,0.5235654341180365
panel_promoters,ae_vae,svm,0,64.0,0.7307211445482934,0.5133013461282153,0.5161491470605366
panel_promoters,ae_vae,mlp,0,64.0,0.7966504662377947,0.5805544448887111,0.5748494230059843
panel_promoters,ae_vae,cnn,0,64.0,0.7341069778953448,0.5385045981607357,0.531470788581567
panel_promoters,chrom_hmm,xgboost,0,14.0,0.8638344565006579,0.658463281354125,0.6524543199524858
panel_promoters,chrom_hmm,random_forest,0,14.0,0.8752827532697939,0.6291949886711982,0.6293781654844467
panel_promoters,chrom_hmm,logistic,0,14.0,0.8667179881826049,0.7396308143409303,0.6535247742546856
panel_promoters,chrom_hmm,elasticnet,0,14.0,0.8719280924899331,0.7396308143409303,0.6536851857584961
panel_promoters,chrom_hmm,svm,0,14.0,0.880197913335508,0.730687724910036,0.6654731591529806
panel_promoters,chrom_hmm,mlp,0,14.0,0.866628865650172,0.448087431693989,0.4180921899716734
panel_promoters,chrom_hmm,cnn,0,14.0,0.86950829583306,0.587318405970945,0.5081120733342853
panel_promoters,none,xgboost,0,3108.0,0.9114883276307596,0.7146474743435959,0.7170784524357597
panel_promoters,none,random_forest,0,3108.0,0.9118649435777484,0.6831200852992136,0.6934640522875818
panel_promoters,none,logistic,0,3108.0,0.9201437978876024,0.7174463547914168,0.714054642592445
panel_promoters,none,elasticnet,0,3108.0,0.9147115441022714,0.7205184592829535,0.7104244761727028
panel_promoters,none,svm,0,3108.0,0.9078531443399874,0.741929894708783,0.713805627722414
panel_promoters,none,mlp,0,3108.0,0.855836077203478,0.6289417566306811,0.5121246654579988
panel_promoters,none,cnn,0,3108.0,0.7925837098975688,0.3333333333333333,0.181547619047619
panel_promoters,pca100,xgboost,0,100.0,0.9296733693980024,0.7729108356657336,0.7642141158138435
panel_promoters,pca100,random_forest,0,100.0,0.9096877233485337,0.6898507263761163,0.6913111854074776
panel_promoters,pca100,logistic,0,100.0,0.9144256583177748,0.7331200852992136,0.7140655482563295
panel_promoters,pca100,elasticnet,0,100.0,0.9160061955990644,0.742922830867653,0.7184968955611158
panel_promoters,pca100,svm,0,100.0,0.9125566542041782,0.716453418632547,0.706358140504482
panel_promoters,pca100,mlp,0,100.0,0.90670832912237,0.7188457950153272,0.7206881437650668
panel_promoters,pca100,cnn,0,100.0,0.8324713794791124,0.6167333066773291,0.6246868630288319
panel_promoters,pca200,xgboost,0,200.0,0.9137864603351612,0.6941889910702385,0.6908748171963376
panel_promoters,pca200,random_forest,0,200.0,0.8848795415044078,0.7041250166600026,0.6913860871451384
panel_promoters,pca200,logistic,0,200.0,0.9136891672936076,0.7133813141410102,0.7047870004391744
panel_promoters,pca200,elasticnet,0,200.0,0.9119613584687686,0.7024523523923764,0.6940240335028288
panel_promoters,pca200,svm,0,200.0,0.9102533217710675,0.7286485405837665,0.7211403280395731
panel_promoters,pca200,mlp,0,200.0,0.8844869543215043,0.6967146474743436,0.6946059934479104
panel_promoters,pca200,cnn,0,200.0,0.859358208156728,0.6416566706650673,0.6423176971671954
panel_promoters,pca300,xgboost,0,300.0,0.8955641409627136,0.6800479808076769,0.6852601589443695
panel_promoters,pca300,random_forest,0,300.0,0.8742358658813645,0.6697987471677994,0.657919781957421
panel_promoters,pca300,logistic,0,300.0,0.9132253758189004,0.72458349993336,0.7113546974166444
panel_promoters,pca300,elasticnet,0,300.0,0.9104984803633448,0.7065173930427829,0.699454511401414
panel_promoters,pca300,svm,0,300.0,0.9093021139731868,0.7229108356657337,0.7237709455039502
panel_promoters,pca300,mlp,0,300.0,0.8920936415922734,0.6745834999333601,0.6714975845410628
panel_promoters,pca300,cnn,0,300.0,0.8483739297945642,0.7028188724510196,0.6539699162223914
panel_promoters,pls20,xgboost,0,20.0,0.8411398962006169,0.592922830867653,0.5945004853754273
panel_promoters,pls20,random_forest,0,20.0,0.8301534569478374,0.5926496068239371,0.5917279803225705
panel_promoters,pls20,logistic,0,20.0,0.904982727518811,0.6902572304411568,0.6835814955283982
panel_promoters,pls20,elasticnet,0,20.0,0.9028664568184708,0.6776556044248968,0.674668958492488
panel_promoters,pls20,svm,0,20.0,0.9041513836137162,0.7188457950153272,0.7215749263190402
panel_promoters,pls20,mlp,0,20.0,0.8638792218383912,0.6875916300146607,0.6814971484684821
panel_promoters,pls20,cnn,0,20.0,0.8891508503846576,0.6059709449553512,0.5983296703296703
panel_promoters,pls30,xgboost,0,30.0,0.8710006572977725,0.6219178995068639,0.6249455337690631
panel_promoters,pls30,random_forest,0,30.0,0.8384299589527302,0.611708649873384,0.6129075305904574
panel_promoters,pls30,logistic,0,30.0,0.9057684994452772,0.6828468612554978,0.6888588993852153
panel_promoters,pls30,elasticnet,0,30.0,0.9050284164916744,0.6787818206050913,0.681218496603112
panel_promoters,pls30,svm,0,30.0,0.9037893575956782,0.6705184592829535,0.6802463163082632
panel_promoters,pls30,mlp,0,30.0,0.8807482133320425,0.6883113421298147,0.6991090690512656
panel_promoters,pls30,cnn,0,30.0,0.8707295036154342,0.6178595228575237,0.6478243908509778
panel_promoters,ae,xgboost,1,64.0,0.827680144844433,0.606091030789826,0.6016641019594687
panel_promoters,ae,random_forest,1,64.0,0.8059444229040089,0.6357429718875502,0.6386800334168755
panel_promoters,ae,logistic,1,64.0,0.7164404693706367,0.5276439089692101,0.5200641108306774
panel_promoters,ae,elasticnet,1,64.0,0.7170817994861743,0.5190093708165997,0.5178496010665364
panel_promoters,ae,svm,1,64.0,0.6909793438583356,0.4655957161981258,0.4693082137161085
panel_promoters,ae,mlp,1,64.0,0.764355794872522,0.4055555555555556,0.356203578497658
panel_promoters,ae,cnn,1,64.0,0.6794474046638043,0.5471887550200804,0.530194306638318
panel_promoters,ae_vae,xgboost,1,64.0,0.7734427378420827,0.5949799196787148,0.5916481144167848
panel_promoters,ae_vae,random_forest,1,64.0,0.7585822844186395,0.5755020080321286,0.5630638646009102
panel_promoters,ae_vae,logistic,1,64.0,0.7245859442022735,0.5597724230254351,0.546717630195891
panel_promoters,ae_vae,elasticnet,1,64.0,0.7205109800325614,0.5446452476572959,0.5370915032679738
panel_promoters,ae_vae,svm,1,64.0,0.7777594718157942,0.5832663989290495,0.5800687407830266
panel_promoters,ae_vae,mlp,1,64.0,0.777473419147884,0.6190763052208835,0.6064113355780022
panel_promoters,ae_vae,cnn,1,64.0,0.795113883919592,0.6147255689424364,0.5914503015997902
panel_promoters,chrom_hmm,xgboost,1,14.0,0.8245657920795364,0.6332663989290496,0.6299878048780488
panel_promoters,chrom_hmm,random_forest,1,14.0,0.8476885022153474,0.6539491298527443,0.6530376301799219
panel_promoters,chrom_hmm,logistic,1,14.0,0.8046653277513611,0.6307228915662652,0.5754198284069335
panel_promoters,chrom_hmm,elasticnet,1,14.0,0.8096554491439858,0.6291834002677377,0.5815344938749195
panel_promoters,chrom_hmm,svm,1,14.0,0.8264030662673778,0.6048192771084336,0.5794706546586245
panel_promoters,chrom_hmm,mlp,1,14.0,0.790614669736497,0.4734939759036145,0.3693718384679152
panel_promoters,chrom_hmm,cnn,1,14.0,0.7723360775121216,0.4111111111111111,0.2733922917349056
panel_promoters,none,xgboost,1,3108.0,0.9086914237618998,0.7329986613119144,0.7513385218303251
panel_promoters,none,random_forest,1,3108.0,0.9062177597846977,0.685475234270415,0.7060712511532183
panel_promoters,none,logistic,1,3108.0,0.8856001381223629,0.6845381526104418,0.6863069187881812
panel_promoters,none,elasticnet,1,3108.0,0.8851935930746317,0.6860776439089692,0.6885568853310788
panel_promoters,none,svm,1,3108.0,0.8886118716157317,0.6928380187416332,0.6778407565557868
panel_promoters,none,mlp,1,3108.0,0.6934323075450693,0.4813253012048192,0.4270248127340824
panel_promoters,none,cnn,1,3108.0,0.8532814501948319,0.3944444444444444,0.3330255994961084
panel_promoters,pca100,xgboost,1,100.0,0.8656618326111833,0.6184738955823293,0.6225384728378741
panel_promoters,pca100,random_forest,1,100.0,0.8971098688551021,0.7218875502008032,0.7404095600816912
panel_promoters,pca100,logistic,1,100.0,0.8888899840882528,0.7048862115127176,0.6915023871183693
panel_promoters,pca100,elasticnet,1,100.0,0.8912606612659251,0.70334672021419,0.690442561205273
panel_promoters,pca100,svm,1,100.0,0.8958087208862153,0.7058232931726908,0.7084639415927759
panel_promoters,pca100,mlp,1,100.0,0.8811856576054143,0.7018072289156626,0.6986851349994981
panel_promoters,pca100,cnn,1,100.0,0.8265790298133262,0.5603078982597055,0.5117789984615783
panel_promoters,pca200,xgboost,1,200.0,0.8766304644199719,0.6502677376171352,0.6518710048121813
panel_promoters,pca200,random_forest,1,200.0,0.8801729878756431,0.678045515394913,0.6816207184628237
panel_promoters,pca200,logistic,1,200.0,0.8809983421590042,0.685140562248996,0.6796707903427271
panel_promoters,pca200,elasticnet,1,200.0,0.8848738357599043,0.6629183400267737,0.6590096333179337
panel_promoters,pca200,svm,1,200.0,0.8973271568633598,0.6971887550200803,0.7042849268221345
panel_promoters,pca200,mlp,1,200.0,0.8630330189883938,0.6647925033467202,0.676460398590527
panel_promoters,pca200,cnn,1,200.0,0.7540184602896617,0.4185408299866131,0.2777360066833751
panel_promoters,pca300,xgboost,1,300.0,0.8643834929643212,0.6391566265060241,0.6414348971529692
panel_promoters,pca300,random_forest,1,300.0,0.8551293588366637,0.6826639892904954,0.6784143960614548
panel_promoters,pca300,logistic,1,300.0,0.880502932589434,0.6765060240963855,0.6757097161135546
panel_promoters,pca300,elasticnet,1,300.0,0.8878798683088659,0.6971887550200804,0.6967860422405877
panel_promoters,pca300,svm,1,300.0,0.9019765235609194,0.7012048192771084,0.7106566088602017
panel_promoters,pca300,mlp,1,300.0,0.8653627829715677,0.6774431057563587,0.6868789521228545
panel_promoters,pca300,cnn,1,300.0,0.7787373280661969,0.5056224899598393,0.3747899159663865
panel_promoters,pls20,xgboost,1,20.0,0.8131271254706745,0.6527443105756359,0.6595896103354589
panel_promoters,pls20,random_forest,1,20.0,0.8225014565924322,0.6653949129852744,0.6782242063492063
panel_promoters,pls20,logistic,1,20.0,0.8540779589264792,0.6416331994645247,0.6436314363143631
panel_promoters,pls20,elasticnet,1,20.0,0.8519894160115239,0.6416331994645247,0.6436314363143631
panel_promoters,pls20,svm,1,20.0,0.8568036590656196,0.6512048192771084,0.6560246548323471
panel_promoters,pls20,mlp,1,20.0,0.8344920468758051,0.6477911646586346,0.6495377393965328
panel_promoters,pls20,cnn,1,20.0,0.8709971042656152,0.6299196787148594,0.642439431913116
panel_promoters,pls30,xgboost,1,30.0,0.8246316653674239,0.6305220883534136,0.6372643274574435
panel_promoters,pls30,random_forest,1,30.0,0.8231662795295969,0.6487282463186078,0.66001221001221
panel_promoters,pls30,logistic,1,30.0,0.8561441831780466,0.6512048192771084,0.6528822055137845
panel_promoters,pls30,elasticnet,1,30.0,0.8548819216031754,0.6512048192771084,0.6528822055137845
panel_promoters,pls30,svm,1,30.0,0.8577413803492876,0.6607764390896921,0.66656243892906
panel_promoters,pls30,mlp,1,30.0,0.8416217305458736,0.6385542168674698,0.6426128590971273
panel_promoters,pls30,cnn,1,30.0,0.8433536645052612,0.6194109772423025,0.6163614163614164
panel_promoters,ae,xgboost,2,64.0,0.8504688589799644,0.6607157137145142,0.6617948975997585
panel_promoters,ae,random_forest,2,64.0,0.8190278954750942,0.6085965613754497,0.6080965574864705
panel_promoters,ae,logistic,2,64.0,0.7817069301833567,0.5281554045048648,0.5281502767134951
panel_promoters,ae,elasticnet,2,64.0,0.7773691577652347,0.5128881780621085,0.5148775894538606
panel_promoters,ae,svm,2,64.0,0.7119702177107973,0.4785619085699054,0.4846077478816205
panel_promoters,ae,mlp,2,64.0,0.7818044500725677,0.4729508196721312,0.307084301316457
panel_promoters,ae,cnn,2,64.0,0.7101609465146402,0.5482140477142476,0.5525284873130851
panel_promoters,ae_vae,xgboost,2,64.0,0.7570166495073657,0.5971211515393843,0.5996142035831423
panel_promoters,ae_vae,random_forest,2,64.0,0.7866216448452182,0.5978008796481408,0.6032679738562091
panel_promoters,ae_vae,logistic,2,64.0,0.7355361511700284,0.5005597760895641,0.5125865125332133
panel_promoters,ae_vae,elasticnet,2,64.0,0.730108481379215,0.5005597760895641,0.5100197606652422
panel_promoters,ae_vae,svm,2,64.0,0.7636852778867868,0.5609489537518326,0.5619047619047619
panel_promoters,ae_vae,mlp,2,64.0,0.8247825953201319,0.5940157270425163,0.5823426194278504
panel_promoters,ae_vae,cnn,2,64.0,0.7694814777222337,0.607297081167533,0.5790720390720391
panel_promoters,chrom_hmm,xgboost,2,14.0,0.8972768786491665,0.7094495535119285,0.7001109580655035
panel_promoters,chrom_hmm,random_forest,2,14.0,0.8776509725598718,0.642649606823937,0.6447698325142914
panel_promoters,chrom_hmm,logistic,2,14.0,0.8665851662223049,0.7316739970678396,0.6800404259317028
panel_promoters,chrom_hmm,elasticnet,2,14.0,0.8716318619039883,0.7150073304011727,0.6702524893314367
panel_promoters,chrom_hmm,svm,2,14.0,0.8828440922114563,0.7322604291616687,0.7009984639016897
panel_promoters,chrom_hmm,mlp,2,14.0,0.8352790875598745,0.4935425829668132,0.4559261352930092
panel_promoters,chrom_hmm,cnn,2,14.0,0.8878074366588765,0.7126616020258564,0.6873786070916478
panel_promoters,none,xgboost,2,3108.0,0.928001656990323,0.6978408636545382,0.7012831307975648
panel_promoters,none,random_forest,2,3108.0,0.8963949026378956,0.6631080900972944,0.6662217116762571
panel_promoters,none,logistic,2,3108.0,0.918063559922372,0.740703718512595,0.739369302783937
panel_promoters,none,elasticnet,2,3108.0,0.914706881863418,0.7366386778621884,0.7297964005281078
panel_promoters,none,svm,2,3108.0,0.9082499230266268,0.7675796348127415,0.7434906298238229
panel_promoters,none,mlp,2,3108.0,0.8160515888205205,0.5215447154471544,0.4968853468853469
panel_promoters,none,cnn,2,3108.0,0.7723428243597953,0.490983606557377,0.3263329431476509
panel_promoters,pca100,xgboost,2,100.0,0.9046276568536946,0.7423763827802213,0.741465394964515
panel_promoters,pca100,random_forest,2,100.0,0.883889252302018,0.6950419832067173,0.7000052474156478
panel_promoters,pca100,logistic,2,100.0,0.905631015652236,0.7121151539384246,0.7018313093963212
panel_promoters,pca100,elasticnet,2,100.0,0.9059048981396384,0.7161801945888312,0.7064374417673033
panel_promoters,pca100,svm,2,100.0,0.90461141221948,0.7257097161135545,0.7217614758049784
panel_promoters,pca100,mlp,2,100.0,0.8887227004572223,0.7365053978408636,0.7503192848020435
panel_promoters,pca100,cnn,2,100.0,0.8944145939933246,0.6689324270291883,0.6429373096039762
panel_promoters,pca200,xgboost,2,200.0,0.893409815357899,0.7090430494468879,0.7137747124281232
panel_promoters,pca200,random_forest,2,200.0,0.8504834724803599,0.6773823803811808,0.6779038486355559
panel_promoters,pca200,logistic,2,200.0,0.9131323052979228,0.7311741969878716,0.7240983948301021
panel_promoters,pca200,elasticnet,2,200.0,0.912507123001226,0.721644675463148,0.7149193080227563
panel_promoters,pca200,svm,2,200.0,0.9040296403000996,0.7297747567639611,0.7305220883534137
panel_promoters,pca200,mlp,2,200.0,0.8965814777463974,0.7226376116220178,0.7459572372601347
panel_promoters,pca200,cnn,2,200.0,0.8064625835622011,0.3536585365853659,0.2240067181021361
panel_promoters,pca300,xgboost,2,300.0,0.8979131138382471,0.6759829401572705,0.6772531611514663
panel_promoters,pca300,random_forest,2,300.0,0.8419712785002617,0.6747167799546848,0.6718891754092448
panel_promoters,pca300,logistic,2,300.0,0.9169322431725968,0.7533053445288552,0.7465164465164466
panel_promoters,pca300,elasticnet,2,300.0,0.9154714245311992,0.7257097161135545,0.71996891996892
panel_promoters,pca300,svm,2,300.0,0.9062826983105928,0.7338397974143676,0.7374667815844287
panel_promoters,pca300,mlp,2,300.0,0.9049299821725492,0.7597627615620418,0.7750167835729332
panel_promoters,pca300,cnn,2,300.0,0.7698822136703193,0.3933093429294949,0.1850205863408514
panel_promoters,pls20,xgboost,2,20.0,0.8846984649049444,0.7185725709716113,0.7311013492602395
panel_promoters,pls20,random_forest,2,20.0,0.8834857986154331,0.7209649473543916,0.7393857271906051
panel_promoters,pls20,logistic,2,20.0,0.898644882146645,0.7103092096494735,0.7135359208370943
panel_promoters,pls20,elasticnet,2,20.0,0.9001180536126036,0.7212381713981074,0.7261487050960734
panel_promoters,pls20,svm,2,20.0,0.9000154641198876,0.7157736905237905,0.7262682850918144
panel_promoters,pls20,mlp,2,20.0,0.8826155921158443,0.6923763827802212,0.6958186499232477
panel_promoters,pls20,cnn,2,20.0,0.8874264774066946,0.722364387578302,0.7470276999688764
panel_promoters,pls30,xgboost,2,30.0,0.8777813011080489,0.6950419832067173,0.7097557901009615
panel_promoters,pls30,random_forest,2,30.0,0.8779530631626394,0.7155004664800746,0.7344643537933665
panel_promoters,pls30,logistic,2,30.0,0.901580302582124,0.7045715047314407,0.7106135721520337
panel_promoters,pls30,elasticnet,2,30.0,0.9018602008474034,0.7045715047314407,0.7101942556488011
panel_promoters,pls30,svm,2,30.0,0.8950894186662625,0.7100359856057578,0.7256720207539878
panel_promoters,pls30,mlp,2,30.0,0.8835174369767068,0.6745834999333601,0.6808388220152927
panel_promoters,pls30,cnn,2,30.0,0.8966621469123736,0.7155004664800746,0.7339656729900632
panel_promoters,ae,xgboost,3,64.0,0.7800133583529979,0.5387533875338754,0.5348655243392085
panel_promoters,ae,random_forest,3,64.0,0.7583035017988262,0.5787262872628726,0.5689172443543224
panel_promoters,ae,logistic,3,64.0,0.7771656314153587,0.5976964769647696,0.5504655560993589
panel_promoters,ae,elasticnet,3,64.0,0.7694892420306418,0.6224932249322493,0.5777777777777778
panel_promoters,ae,svm,3,64.0,0.7400826928733247,0.5355013550135501,0.5127988356249226
panel_promoters,ae,mlp,3,64.0,0.8289152678705743,0.5224932249322493,0.4755415793151642
panel_promoters,ae,cnn,3,64.0,0.7595970958328749,0.5836043360433605,0.5370370370370371
panel_promoters,ae_vae,xgboost,3,64.0,0.7488087897569807,0.5443089430894309,0.540874893951186
panel_promoters,ae_vae,random_forest,3,64.0,0.7527820461078818,0.5317073170731708,0.5318302387267905
panel_promoters,ae_vae,logistic,3,64.0,0.7511984348302473,0.5665311653116532,0.5454386882958312
panel_promoters,ae_vae,elasticnet,3,64.0,0.7455139686891208,0.5543360433604336,0.5322836205189146
panel_promoters,ae_vae,svm,3,64.0,0.771830101844929,0.5531165311653117,0.5484977984977984
panel_promoters,ae_vae,mlp,3,64.0,0.8163169302226024,0.5799457994579945,0.5486530725482036
panel_promoters,ae_vae,cnn,3,64.0,0.6879289426179266,0.4192411924119241,0.2515262515262515
panel_promoters,chrom_hmm,xgboost,3,14.0,0.8059836094252962,0.596070460704607,0.5951076436230202
panel_promoters,chrom_hmm,random_forest,3,14.0,0.8152337800649478,0.5860433604336043,0.5876184139657193
panel_promoters,chrom_hmm,logistic,3,14.0,0.8467851873181808,0.6210027100271004,0.5780801487338216
panel_promoters,chrom_hmm,elasticnet,3,14.0,0.848799848482467,0.5917344173441735,0.5639192032252381
panel_promoters,chrom_hmm,svm,3,14.0,0.8523808955812563,0.6231707317073171,0.6042220154369687
panel_promoters,chrom_hmm,mlp,3,14.0,0.8289820175369663,0.4640921409214091,0.4508098804438983
panel_promoters,chrom_hmm,cnn,3,14.0,0.8485032545023047,0.6139566395663957,0.5788888888888889
panel_promoters,none,xgboost,3,3108.0,0.8876812952747036,0.6326558265582656,0.6336601307189542
panel_promoters,none,random_forest,3,3108.0,0.8609607302404148,0.6441734417344174,0.6436276781874136
panel_promoters,none,logistic,3,3108.0,0.8820430721049822,0.6926829268292684,0.6879320203533611
panel_promoters,none,elasticnet,3,3108.0,0.8850345891438754,0.6941734417344173,0.684235042972341
panel_promoters,none,svm,3,3108.0,0.8585652217679316,0.6434959349593495,0.6250307338785025
panel_promoters,none,mlp,3,3108.0,0.8758445867564171,0.6168021680216801,0.6115065389995912
panel_promoters,none,cnn,3,3108.0,0.8099076992910222,0.3333333333333333,0.2268326417704011
panel_promoters,pca100,xgboost,3,100.0,0.8593836559395696,0.663821138211382,0.6600824653720231
panel_promoters,pca100,random_forest,3,100.0,0.856953397413013,0.6567750677506775,0.6533157663592446
panel_promoters,pca100,logistic,3,100.0,0.8817199700407663,0.6693766937669378,0.6599056036760587
panel_promoters,pca100,elasticnet,3,100.0,0.8819558438093357,0.6653116531165312,0.6554757642351312
panel_promoters,pca100,svm,3,100.0,0.8594359143329076,0.6552845528455284,0.6453011000049328
panel_promoters,pca100,mlp,3,100.0,0.8845701574075946,0.7056910569105691,0.689102564102564
panel_promoters,pca100,cnn,3,100.0,0.8392838532603774,0.6195121951219512,0.5624719366654851
panel_promoters,pca200,xgboost,3,200.0,0.8616926377597108,0.662330623306233,0.6589171468805644
panel_promoters,pca200,random_forest,3,200.0,0.8401918311505678,0.6289972899728996,0.6284409745948207
panel_promoters,pca200,logistic,3,200.0,0.8778141088680979,0.6971544715447154,0.6874563242487771
panel_promoters,pca200,elasticnet,3,200.0,0.8749594356617413,0.6804878048780488,0.666741908214164
panel_promoters,pca200,svm,3,200.0,0.8603018637891434,0.6815718157181571,0.668977588838216
panel_promoters,pca200,mlp,3,200.0,0.8636630041821682,0.6537940379403794,0.6544842329275731
panel_promoters,pca200,cnn,3,200.0,0.8194349722598303,0.629539295392954,0.5678700507203094
panel_promoters,pca300,xgboost,3,300.0,0.8740103040529164,0.6552845528455284,0.6510012404749247
panel_promoters,pca300,random_forest,3,300.0,0.8413739340634914,0.6430894308943089,0.6379788283008687
panel_promoters,pca300,logistic,3,300.0,0.8817272016444274,0.6967479674796748,0.6938423984724108
panel_promoters,pca300,elasticnet,3,300.0,0.8789101178087174,0.660840108401084,0.6569157558540774
panel_promoters,pca300,svm,3,300.0,0.856516844304041,0.6830623306233062,0.6711653425508683
panel_promoters,pca300,mlp,3,300.0,0.880068722687365,0.6341463414634146,0.6366066479188651
panel_promoters,pca300,cnn,3,300.0,0.8422645182161571,0.6705962059620596,0.6223899868759681
panel_promoters,pls20,xgboost,3,20.0,0.8510839780967542,0.6649051490514905,0.6725090627529652
panel_promoters,pls20,random_forest,3,20.0,0.8289326733021541,0.6649051490514905,0.6711010709504684
panel_promoters,pls20,logistic,3,20.0,0.8678363481542851,0.6260162601626016,0.6268759247516381
panel_promoters,pls20,elasticnet,3,20.0,0.8667267507216635,0.6260162601626016,0.6268759247516381
panel_promoters,pls20,svm,3,20.0,0.8672579368019585,0.6356368563685636,0.6370628113143083
panel_promoters,pls20,mlp,3,20.0,0.8546208777988084,0.6052845528455285,0.6059189441542383
panel_promoters,pls20,cnn,3,20.0,0.8542682505843286,0.6275067750677507,0.6274198679710491
panel_promoters,pls30,xgboost,3,30.0,0.845618260949939,0.6745257452574526,0.685817904180187
panel_promoters,pls30,random_forest,3,30.0,0.8260374591456491,0.6649051490514905,0.6752066188774167
panel_promoters,pls30,logistic,3,30.0,0.8649982243746769,0.6471544715447154,0.6469774436090225
panel_promoters,pls30,elasticnet,3,30.0,0.86564553709953,0.6471544715447154,0.6469774436090225
panel_promoters,pls30,svm,3,30.0,0.8700293155927968,0.660840108401084,0.6635624538063563
panel_promoters,pls30,mlp,3,30.0,0.8505220109246799,0.6234417344173441,0.6260453332211454
panel_promoters,pls30,cnn,3,30.0,0.856197591922757,0.6182926829268293,0.6167295597484277
panel_promoters,ae,xgboost,4,64.0,0.8087934215576752,0.6515292295780101,0.6482977927422372
panel_promoters,ae,random_forest,4,64.0,0.8054985590518798,0.6459736740224545,0.6392140538448338
panel_promoters,ae,logistic,4,64.0,0.7431429930444938,0.5989740611691832,0.5815901640957997
panel_promoters,ae,elasticnet,4,64.0,0.7408429240190032,0.5989740611691832,0.5811412589444626
panel_promoters,ae,svm,4,64.0,0.7114300261478301,0.4612078977932636,0.4572508966411487
panel_promoters,ae,mlp,4,64.0,0.6955086179631177,0.407936507936508,0.2797121007647323
panel_promoters,ae,cnn,4,64.0,0.700885223324974,0.4590205187766163,0.4562101570187823
panel_promoters,ae_vae,xgboost,4,64.0,0.7485890555501529,0.5860627177700348,0.5822815069803021
panel_promoters,ae_vae,random_forest,4,64.0,0.7472784436520731,0.5941927990708479,0.5894308943089431
panel_promoters,ae_vae,logistic,4,64.0,0.7293345448288181,0.5342237708091367,0.5034200867534201
panel_promoters,ae_vae,elasticnet,4,64.0,0.7172233349619687,0.5198412698412699,0.4945876041766452
panel_promoters,ae_vae,svm,4,64.0,0.7613872580721904,0.583778552071235,0.57605947369458
panel_promoters,ae_vae,mlp,4,64.0,0.7598084831792892,0.6066976384049555,0.592835437024417
panel_promoters,ae_vae,cnn,4,64.0,0.7547655070023077,0.5815137437088658,0.5613779556121054
panel_promoters,chrom_hmm,xgboost,4,14.0,0.8749608574483495,0.7117305458768873,0.7113293851413164
panel_promoters,chrom_hmm,random_forest,4,14.0,0.8526959096491599,0.6814750290360047,0.6844977515709223
panel_promoters,chrom_hmm,logistic,4,14.0,0.7950271433971063,0.6203058459156021,0.5866875903276602
panel_promoters,chrom_hmm,elasticnet,4,14.0,0.8024894012477842,0.6217963608207512,0.5881206283683064
panel_promoters,chrom_hmm,svm,4,14.0,0.8206678135288765,0.6444057297715834,0.6174242424242424
panel_promoters,chrom_hmm,mlp,4,14.0,0.850425449747665,0.6062717770034843,0.5946088716277548
panel_promoters,chrom_hmm,cnn,4,14.0,0.8607721622885064,0.6992450638792103,0.639572906239573
panel_promoters,none,xgboost,4,3108.0,0.9096258709431336,0.6796747967479675,0.6899448091179257
panel_promoters,none,random_forest,4,3108.0,0.8802805678719845,0.6460511033681765,0.6532567049808429
panel_promoters,none,logistic,4,3108.0,0.9015284439162804,0.7697638404955479,0.7610158335466414
panel_promoters,none,elasticnet,4,3108.0,0.9118002321311792,0.7642082849399922,0.7502930566263747
panel_promoters,none,svm,4,3108.0,0.884463144997472,0.7168989547038328,0.7015941387996847
panel_promoters,none,mlp,4,3108.0,0.7981450388335221,0.5342624854819976,0.4203096236165635
panel_promoters,none,cnn,4,3108.0,0.6288053704784944,0.3333333333333333,0.2231292517006803
panel_promoters,pca100,xgboost,4,100.0,0.8789734550312568,0.6862369337979094,0.6820479855986372
panel_promoters,pca100,random_forest,4,100.0,0.8500603686532279,0.6976384049554781,0.6954059322480375
panel_promoters,pca100,logistic,4,100.0,0.9060085945393398,0.7863337204800619,0.7619456516782597
panel_promoters,pca100,elasticnet,4,100.0,0.9067143251385442,0.8022067363530777,0.7733549575541283
panel_promoters,pca100,svm,4,100.0,0.9045003964611436,0.7682733255903987,0.7622451157286149
panel_promoters,pca100,mlp,4,100.0,0.8639024105742986,0.6398180410375532,0.6384944986652376
panel_promoters,pca100,cnn,4,100.0,0.8000801525939778,0.6011420828494,0.5842350799340047
panel_promoters,pca200,xgboost,4,200.0,0.869405251894356,0.6924893534649632,0.6839022757697456
panel_promoters,pca200,random_forest,4,200.0,0.8401161137842336,0.708362369337979,0.7028329306299681
panel_promoters,pca200,logistic,4,200.0,0.9068633682273608,0.7601432442895857,0.7462030770762723
panel_promoters,pca200,elasticnet,4,200.0,0.9065858671909374,0.7760162601626016,0.7584313299672439
panel_promoters,pca200,svm,4,200.0,0.9038294115411488,0.7660859465737514,0.7679255610290093
panel_promoters,pca200,mlp,4,200.0,0.873366562844224,0.6881339527680991,0.6774203099498823
panel_promoters,pca200,cnn,4,200.0,0.76368743797657,0.5224932249322493,0.4738816738816738
panel_promoters,pca300,xgboost,4,300.0,0.8665975458849048,0.6415021293070073,0.6357356753374452
panel_promoters,pca300,random_forest,4,300.0,0.8194991201382722,0.6676926054974835,0.6569864676577241
panel_promoters,pca300,logistic,4,300.0,0.9052993704218256,0.7601432442895857,0.7474978512788596
panel_promoters,pca300,elasticnet,4,300.0,0.9047271398676088,0.7427797135114208,0.7341681088601582
panel_promoters,pca300,svm,4,300.0,0.9050788727025908,0.7398954703832752,0.7475790904734843
panel_promoters,pca300,mlp,4,300.0,0.8872635623130621,0.6874177313201703,0.6959648724354607
panel_promoters,pca300,cnn,4,300.0,0.7529408034199591,0.5833333333333334,0.5357547049933356
panel_promoters,pls20,xgboost,4,20.0,0.8805636107450784,0.6073557878435928,0.5977959029852755
panel_promoters,pls20,random_forest,4,20.0,0.8616958702445086,0.625803329461866,0.6233139759969029
panel_promoters,pls20,logistic,4,20.0,0.8829856826257229,0.6848432055749128,0.6932236970698509
panel_promoters,pls20,elasticnet,4,20.0,0.8829475281314397,0.686333720480062,0.6961575158296469
panel_promoters,pls20,svm,4,20.0,0.8799497301195097,0.6889082462253193,0.6999524956181302
panel_promoters,pls20,mlp,4,20.0,0.8669129648543744,0.678590785907859,0.694093927893738
panel_promoters,pls20,cnn,4,20.0,0.8924263698444103,0.6841463414634146,0.6947507727774807
panel_promoters,pls30,xgboost,4,30.0,0.8564962574414317,0.5947541618273325,0.5878442545109211
panel_promoters,pls30,random_forest,4,30.0,0.8529856147160798,0.6217382888114595,0.6219635836954273
panel_promoters,pls30,logistic,4,30.0,0.8804613065882395,0.7144018583042974,0.7251873722461958
panel_promoters,pls30,elasticnet,4,30.0,0.8838307313234468,0.7040843979868371,0.7164710512304096
panel_promoters,pls30,svm,4,30.0,0.8741255792296982,0.6556716995741386,0.6654696066460772
panel_promoters,pls30,mlp,4,30.0,0.8615276942730336,0.6061749903213318,0.6091954022988505
panel_promoters,pls30,cnn,4,30.0,0.8992272088487869,0.6491289198606273,0.6546328973054469
variance,ae,xgboost,0,64.0,0.8770625137109915,0.6697987471677994,0.6619141265158964
variance,ae,random_forest,0,64.0,0.8905582592290262,0.6931960549113688,0.680834988689991
variance,ae,logistic,0,64.0,0.9183701497606002,0.7452752232440357,0.6943860426018853
variance,ae,elasticnet,0,64.0,0.9178088341663434,0.7452752232440357,0.6948120627445721
variance,ae,svm,0,64.0,0.9058561728330422,0.7688058110089298,0.7119978004605286
variance,ae,mlp,0,64.0,0.9048277748316688,0.7381380781020925,0.6944816943380161
variance,ae,cnn,0,64.0,0.8994556922268191,0.7163734506197521,0.6269424998068988
variance,ae_vae,xgboost,0,64.0,0.8683416051302882,0.6574703451952552,0.6470421522679829
variance,ae_vae,random_forest,0,64.0,0.8714726189262518,0.710269225643076,0.6836211005191636
variance,ae_vae,logistic,0,64.0,0.9011036102340756,0.7524123683859788,0.6887914906140296
variance,ae_vae,elasticnet,0,64.0,0.9004055073296658,0.7578768492602959,0.6954853557863238
variance,ae_vae,svm,0,64.0,0.8909338218725575,0.7440090630414501,0.6893939393939394
variance,ae_vae,mlp,0,64.0,0.8917008419956262,0.749746767959483,0.6851201086495203
variance,ae_vae,cnn,0,64.0,0.8758232356834746,0.7107690257230441,0.6281978291792834
variance,chrom_hmm,xgboost,0,15.0,0.8590202065679847,0.6878648540583766,0.6749356328110907
variance,chrom_hmm,random_forest,0,15.0,0.8559044794038377,0.6422031187524989,0.6379844961240311
variance,chrom_hmm,logistic,0,15.0,0.8794632130642824,0.7085565773690524,0.64824258345567
variance,chrom_hmm,elasticnet,0,15.0,0.8896578979477846,0.7262161801945889,0.6692825405367026
variance,chrom_hmm,svm,0,15.0,0.8983258097647635,0.7507397041183527,0.700026630532689
variance,chrom_hmm,mlp,0,15.0,0.86850202382055,0.6175862988138078,0.6279330485767778
variance,chrom_hmm,cnn,0,15.0,0.8506179589095441,0.61437425029988,0.6153736400927413
variance,none,xgboost,0,5000.0,0.9144396660168128,0.7105824336931894,0.7144487344487344
variance,none,random_forest,0,5000.0,0.9236654058187538,0.6819938691190189,0.6763557816189395
variance,none,logistic,0,5000.0,0.9211699118785956,0.6841130214580834,0.6856368563685638
variance,none,elasticnet,0,5000.0,0.906765796845974,0.6647807543649207,0.6662362119989239
variance,none,svm,0,5000.0,0.9148366091790028,0.7235905637744903,0.7110334928450142
variance,none,mlp,0,5000.0,0.9120020708040402,0.703718512594962,0.7100942100426689
variance,none,cnn,0,5000.0,0.6985048594738053,0.3948420631747301,0.3408667287977633
variance,pca100,xgboost,0,100.0,0.8964051574177457,0.720924963347994,0.7072744115747004
variance,pca100,random_forest,0,100.0,0.8968498691193926,0.7085965613754498,0.6932251695541346
variance,pca100,logistic,0,100.0,0.921601742471042,0.7471211515393842,0.7245570716915747
variance,pca100,elasticnet,0,100.0,0.9207079339329708,0.7542582966813275,0.7247884858504327
variance,pca100,svm,0,100.0,0.9087559850563146,0.7181260829001732,0.6991209391209391
variance,pca100,mlp,0,100.0,0.905985156184423,0.7688457950153271,0.7602693426383013
variance,pca100,cnn,0,100.0,0.8695919360501895,0.5650473144075704,0.5425909494232476
variance,pca200,xgboost,0,200.0,0.9035955651240256,0.7375916300146609,0.7204949834289139
variance,pca200,random_forest,0,200.0,0.8747029349206125,0.6828068772491003,0.6557043494200433
variance,pca200,logistic,0,200.0,0.9200218477273668,0.6978408636545382,0.6964434258551906
variance,pca200,elasticnet,0,200.0,0.9214756719275172,0.7257097161135545,0.7184003891320964
variance,pca200,svm,0,200.0,0.9119709542296064,0.7069238971078234,0.6948562466775404
variance,pca200,mlp,0,200.0,0.9147804384771036,0.7341130214580834,0.733157991878922
variance,pca200,cnn,0,200.0,0.8189604087199297,0.4781420765027322,0.4265755704462838
variance,pca300,xgboost,0,300.0,0.9057871520218608,0.7514594162335065,0.732014694016223
variance,pca300,random_forest,0,300.0,0.8667521547124607,0.6879581500733041,0.6332316630355846
variance,pca300,logistic,0,300.0,0.9246058475919472,0.7076436092229774,0.7060725923001372
variance,pca300,elasticnet,0,300.0,0.9242792816904348,0.7157736905237905,0.7157350328082036
variance,pca300,svm,0,300.0,0.912786935441403,0.71098893775823,0.7018501009676553
variance,pca300,mlp,0,300.0,0.9157012287554842,0.7065173930427829,0.7033888014610169
variance,pca300,cnn,0,300.0,0.8573259555273286,0.5671731307477009,0.5305478912100906
variance,pls20,xgboost,0,20.0,0.8707191309614393,0.6813141410102626,0.6965965894142689
variance,pls20,random_forest,0,20.0,0.8718333366868071,0.6565173930427829,0.6715883801374763
variance,pls20,logistic,0,20.0,0.9022017411648487,0.6581900573104091,0.6578534514581026
variance,pls20,elasticnet,0,20.0,0.9048768297323776,0.669119019059043,0.6691704679594759
variance,pls20,svm,0,20.0,0.9041371567831572,0.6622550979608156,0.6642804350121424
variance,pls20,mlp,0,20.0,0.9009582540184676,0.6636545381847262,0.6652450773062644
variance,pls20,cnn,0,20.0,0.9107304150198104,0.6979808076769292,0.7037710787710788
variance,pls30,xgboost,0,30.0,0.8706048460387247,0.6633813141410103,0.6801772503036837
variance,pls30,random_forest,0,30.0,0.867644143172886,0.6674463547914168,0.6799665007068659
variance,pls30,logistic,0,30.0,0.9042341271006668,0.6969878715180594,0.693537785031053
variance,pls30,elasticnet,0,30.0,0.9056534173576244,0.6762561642009862,0.6735970041443209
variance,pls30,svm,0,30.0,0.9074136590012593,0.695588431294149,0.6896103485606367
variance,pls30,mlp,0,30.0,0.8967799904294588,0.6748567239770759,0.672602835393533
variance,pls30,cnn,0,30.0,0.9103656305166552,0.6939157670265228,0.7024053491493277
variance,ae,xgboost,1,64.0,0.8850379452496658,0.7169344042838018,0.7120016540022144
variance,ae,random_forest,1,64.0,0.9044406102241817,0.6931726907630522,0.6957215811168206
variance,ae,logistic,1,64.0,0.8945240338546573,0.7295850066934405,0.7204412629249229
variance,ae,elasticnet,1,64.0,0.8974491329883773,0.7255689424364125,0.7148946535135794
variance,ae,svm,1,64.0,0.8854658137381263,0.6625836680053548,0.6493375713297059
variance,ae,mlp,1,64.0,0.8999794695563206,0.6962516733601071,0.6900575065497475
variance,ae,cnn,1,64.0,0.891830536439555,0.7449799196787149,0.6873827260824417
variance,ae_vae,xgboost,1,64.0,0.8571574595846441,0.6172021419009371,0.6094448640030689
variance,ae_vae,random_forest,1,64.0,0.8649413379864311,0.6474564926372155,0.6395000630076412
variance,ae_vae,logistic,1,64.0,0.8863221846582473,0.6712182061579651,0.6517186517186517
variance,ae_vae,elasticnet,1,64.0,0.8851096660387222,0.6712182061579651,0.6517186517186517
variance,ae_vae,svm,1,64.0,0.8710504009383996,0.656091030789826,0.640966440966441
variance,ae_vae,mlp,1,64.0,0.8805941340667625,0.6727576974564927,0.6521282018605836
variance,ae_vae,cnn,1,64.0,0.8826115742304769,0.667536813922356,0.6597169907360277
variance,chrom_hmm,xgboost,1,15.0,0.8682415258608381,0.6987282463186077,0.6987282463186077
variance,chrom_hmm,random_forest,1,15.0,0.877243897058349,0.6724899598393574,0.6737499360253851
variance,chrom_hmm,logistic,1,15.0,0.8680573051479006,0.660107095046854,0.6415657788539144
variance,chrom_hmm,elasticnet,1,15.0,0.877252483125977,0.6585676037483267,0.6401256789187825
variance,chrom_hmm,svm,1,15.0,0.9000930680878628,0.6922356091030789,0.6851025706658865
variance,chrom_hmm,mlp,1,15.0,0.8522148589378675,0.6124497991967871,0.5072923582417525
variance,chrom_hmm,cnn,1,15.0,0.8952014873716242,0.7008701472556895,0.6376224050137095
variance,none,xgboost,1,5000.0,0.9241397697518297,0.6941097724230253,0.7026403191285655
variance,none,random_forest,1,5000.0,0.9212901553029051,0.7067603748326641,0.7182004102032155
variance,none,logistic,1,5000.0,0.9128840809636808,0.6925702811244979,0.7029930423782416
variance,none,elasticnet,1,5000.0,0.9040338953296608,0.6734270414993307,0.6808945065629558
variance,none,svm,1,5000.0,0.9193605662607884,0.6814591700133869,0.6915290036935833
variance,none,mlp,1,5000.0,0.8890162569394059,0.7329317269076304,0.7090700189240335
variance,none,cnn,1,5000.0,0.8391209223250983,0.4655957161981258,0.3119072267556758
variance,pca100,xgboost,1,100.0,0.9002310223081658,0.7234270414993307,0.7223289357435698
variance,pca100,random_forest,1,100.0,0.9097103181776826,0.7194109772423025,0.7315971016505776
variance,pca100,logistic,1,100.0,0.8940871038411685,0.6941097724230255,0.6957403651115618
variance,pca100,elasticnet,1,100.0,0.8974819083062737,0.699665327978581,0.7025976202446791
variance,pca100,svm,1,100.0,0.913106630246062,0.7067603748326641,0.713989432898908
variance,pca100,mlp,1,100.0,0.8902809520381751,0.6623159303882197,0.6691468253968255
variance,pca100,cnn,1,100.0,0.8440904269305252,0.6570281124497992,0.6369343670290794
variance,pca200,xgboost,1,200.0,0.9085466302260664,0.6971887550200803,0.6974071070633979
variance,pca200,random_forest,1,200.0,0.9048292997731529,0.752409638554217,0.7324713928124441
variance,pca200,logistic,1,200.0,0.9113143785225316,0.7632530120481928,0.7686206389947542
variance,pca200,elasticnet,1,200.0,0.9155071300205234,0.7688085676037484,0.7803854282825778
variance,pca200,svm,1,200.0,0.9166898260432592,0.7067603748326641,0.715947614151207
variance,pca200,mlp,1,200.0,0.89948117429548,0.7265060240963855,0.7345065965629716
variance,pca200,cnn,1,200.0,0.7777661554857717,0.5436412315930389,0.4863422407388447
variance,pca300,xgboost,1,300.0,0.9139038115482728,0.774966532797858,0.7637658637658639
variance,pca300,random_forest,1,300.0,0.892415578533838,0.7468540829986613,0.7264307060975067
variance,pca300,logistic,1,300.0,0.9106639107633376,0.7728246318607764,0.7830265591193335
variance,pca300,elasticnet,1,300.0,0.9121301941193156,0.7465863453815261,0.7554601881096082
variance,pca300,svm,1,300.0,0.9166760815184608,0.7107764390896921,0.7225529100529101
variance,pca300,mlp,1,300.0,0.9155727658637356,0.7354752342704151,0.7546184387224849
variance,pca300,cnn,1,300.0,0.8049900998067452,0.6063587684069612,0.5683524205263336
variance,pls20,xgboost,1,20.0,0.863865110338382,0.6385542168674698,0.6533634651600754
variance,pls20,random_forest,1,20.0,0.8473532888427905,0.599665327978581,0.5790225759530444
variance,pls20,logistic,1,20.0,0.8964630763759317,0.6734270414993307,0.685312588309679
variance,pls20,elasticnet,1,20.0,0.8958580366683653,0.6734270414993307,0.685312588309679
variance,pls20,svm,1,20.0,0.8972517948772482,0.6647925033467202,0.675544341650313
variance,pls20,mlp,1,20.0,0.8688938999940286,0.6385542168674698,0.6454119650840963
variance,pls20,cnn,1,20.0,0.8922597228027688,0.635475234270415,0.6364021164021164
variance,pls30,xgboost,1,30.0,0.86372188007467,0.606760374832664,0.6074874763899154
variance,pls30,random_forest,1,30.0,0.8484221278714786,0.6283801874163321,0.6205178309721543
variance,pls30,logistic,1,30.0,0.8983623883816888,0.6441097724230254,0.6482657887912281
variance,pls30,elasticnet,1,30.0,0.897112729552196,0.6774431057563587,0.6896627264937147
variance,pls30,svm,1,30.0,0.8966606360263513,0.6481258366800535,0.6536981125412716
variance,pls30,mlp,1,30.0,0.8701882325054626,0.6178714859437752,0.6190785021430183
variance,pls30,cnn,1,30.0,0.9071880405274664,0.6521419009370817,0.6603103056747588
variance,ae,xgboost,2,64.0,0.8945738876505133,0.6859189657470345,0.678443526170799
variance,ae,random_forest,2,64.0,0.8811975695728077,0.7273823803811809,0.720928643720676
variance,ae,logistic,2,64.0,0.9254302198996216,0.739264294282287,0.6993017607771707
variance,ae,elasticnet,2,64.0,0.9253416609497706,0.7280621084899374,0.6949522653737442
variance,ae,svm,2,64.0,0.9005515807398976,0.7457217113154738,0.7167408372964551
variance,ae,mlp,2,64.0,0.906172807964771,0.7619818739170999,0.7396688202399696
variance,ae,cnn,2,64.0,0.8858823535571138,0.7305477808876448,0.6703669170335838
variance,ae_vae,xgboost,2,64.0,0.8550508088226335,0.666453418632547,0.6629539798037444
variance,ae_vae,random_forest,2,64.0,0.8592916250525756,0.6800479808076769,0.6766894944595044
variance,ae_vae,logistic,2,64.0,0.8988999765851117,0.7514594162335065,0.716456757336767
variance,ae_vae,elasticnet,2,64.0,0.9007516378348438,0.7307277089164335,0.7005941842373518
variance,ae_vae,svm,2,64.0,0.8860393859800633,0.7361921897907503,0.7052390796524218
variance,ae_vae,mlp,2,64.0,0.8923320665351957,0.7487938158070104,0.710588007362201
variance,ae_vae,cnn,2,64.0,0.8739474609981309,0.6828068772491003,0.6528129604179821
variance,chrom_hmm,xgboost,2,15.0,0.877266525326125,0.6519059043049448,0.6547817306563344
variance,chrom_hmm,random_forest,2,15.0,0.8888072196371098,0.6505064640810342,0.6508264462809917
variance,chrom_hmm,logistic,2,15.0,0.8963208325965183,0.7501932560309209,0.7118326118326118
variance,chrom_hmm,elasticnet,2,15.0,0.9034915112912671,0.7487938158070104,0.7098449937159614
variance,chrom_hmm,svm,2,15.0,0.9099902513175112,0.7457217113154738,0.7138389833755067
variance,chrom_hmm,mlp,2,15.0,0.9033681387897872,0.7020391843262694,0.6978232362968791
variance,chrom_hmm,cnn,2,15.0,0.8732247477118156,0.7028521924563508,0.6824430921794006
variance,none,xgboost,2,5000.0,0.9349862942760424,0.7709649473543916,0.7764759274387002
variance,none,random_forest,2,5000.0,0.9189294472127744,0.6964414234306276,0.6984037016895724
variance,none,logistic,2,5000.0,0.9336001760979484,0.7734906037584967,0.7810090894014049
variance,none,elasticnet,2,5000.0,0.9281784804246408,0.7210982273757164,0.7213074370876731
variance,none,svm,2,5000.0,0.927517054248192,0.7145075303212048,0.7104646697388634
variance,none,mlp,2,5000.0,0.927859845967374,0.7393042782886846,0.7477454663121316
variance,none,cnn,2,5000.0,0.7434616891529551,0.3442622950819672,0.246728650137741
variance,pca100,xgboost,2,100.0,0.9066976779090624,0.7059709449553512,0.7107186692802315
variance,pca100,random_forest,2,100.0,0.9224725895284468,0.7295015327202452,0.7311234673510123
variance,pca100,logistic,2,100.0,0.9296020631212044,0.7656337465013995,0.7608744800694294
variance,pca100,elasticnet,2,100.0,0.928942566012836,0.7656337465013995,0.7608744800694294
variance,pca100,svm,2,100.0,0.920959977959139,0.735239237638278,0.7310164705428822
variance,pca100,mlp,2,100.0,0.9392181648804492,0.7836998533919766,0.7811584872645637
variance,pca100,cnn,2,100.0,0.8680560804813066,0.5611155537784885,0.5356160356160357
variance,pca200,xgboost,2,200.0,0.9221491227896508,0.7447687591630014,0.7514086294748358
variance,pca200,random_forest,2,200.0,0.9064692277991272,0.7618419298947088,0.7444726318200235
variance,pca200,logistic,2,200.0,0.9256330072548682,0.7210982273757164,0.7210714224704898
variance,pca200,elasticnet,2,200.0,0.9234583452296368,0.7251632680261229,0.7288922985125517
variance,pca200,svm,2,200.0,0.9244816253678068,0.7297747567639611,0.7240283185784713
variance,pca200,mlp,2,200.0,0.9330766368488534,0.7432293749166999,0.7461002366662743
variance,pca200,cnn,2,200.0,0.832112583713512,0.5583233373317339,0.4952948638293466
variance,pca300,xgboost,2,300.0,0.904036209880016,0.6573703851792616,0.6598915989159891
variance,pca300,random_forest,2,300.0,0.8963281948572147,0.7243102758896441,0.7149910083669192
variance,pca300,logistic,2,300.0,0.9283735985827698,0.7472944155671065,0.7528846153846155
variance,pca300,elasticnet,2,300.0,0.9269907242618812,0.7625616420098628,0.7675832809553741
variance,pca300,svm,2,300.0,0.9237824134040812,0.7240370518459284,0.7233439532722686
variance,pca300,mlp,2,300.0,0.91939187553713,0.751359456217513,0.7547332215936867
variance,pca300,cnn,2,300.0,0.8731471344406563,0.6945954951352792,0.6757444088732433
variance,pls20,xgboost,2,20.0,0.9209271325639158,0.6682993469278955,0.6785738292090379
variance,pls20,random_forest,2,20.0,0.9107512900299708,0.6418299346927895,0.6411188133571855
variance,pls20,logistic,2,20.0,0.9212663954026232,0.714234306277489,0.7196825345707043
variance,pls20,elasticnet,2,20.0,0.9225984132401958,0.7237638278022125,0.7337174198947872
variance,pls20,svm,2,20.0,0.9269949319255087,0.7084966013594562,0.7148931765601091
variance,pls20,mlp,2,20.0,0.9155423126475228,0.6839730774356924,0.6863559440246556
variance,pls20,cnn,2,20.0,0.919622148787476,0.6792283086765294,0.6866597004528039
variance,pls30,xgboost,2,30.0,0.9144794815542202,0.6682993469278955,0.6810015996062507
variance,pls30,random_forest,2,30.0,0.9103093616709084,0.6652272424363588,0.6747545787545789
variance,pls30,logistic,2,30.0,0.9201836565406172,0.7282353725176596,0.7275817408482504
variance,pls30,elasticnet,2,30.0,0.922836550587803,0.7309009729441557,0.7331380488194125
variance,pls30,svm,2,30.0,0.9272675144807336,0.7268359322937492,0.7293233082706766
variance,pls30,mlp,2,30.0,0.912460298165624,0.7146408103425297,0.7122740553657207
variance,pls30,cnn,2,30.0,0.8829329065383664,0.6891243502598959,0.6702041472125662
variance,ae,xgboost,3,64.0,0.8866089504239424,0.7071815718157183,0.6890297058449925
variance,ae,random_forest,3,64.0,0.8666197968939092,0.6475609756097561,0.6368529269472666
variance,ae,logistic,3,64.0,0.89321362175925,0.7208672086720868,0.6892789781827663
variance,ae,elasticnet,3,64.0,0.8928038714245193,0.7223577235772357,0.6906238222027695
variance,ae,svm,3,64.0,0.8668955801336528,0.6657181571815719,0.6426400759734093
variance,ae,mlp,3,64.0,0.8830494250641209,0.7253387533875338,0.6854256854256855
variance,ae,cnn,3,64.0,0.8587704524345713,0.6527100271002709,0.6361251126848997
variance,ae_vae,xgboost,3,64.0,0.8680298987987118,0.6612466124661247,0.6570192755228145
variance,ae_vae,random_forest,3,64.0,0.8626539826396606,0.6127371273712737,0.607998909593629
variance,ae_vae,logistic,3,64.0,0.8675171098058675,0.6535230352303524,0.6229244664424561
variance,ae_vae,elasticnet,3,64.0,0.8675718333060161,0.6161246612466125,0.598724947949698
variance,ae_vae,svm,3,64.0,0.8447931611669057,0.6201897018970189,0.6070782378497824
variance,ae_vae,mlp,3,64.0,0.8630150015080652,0.6494579945799458,0.6259257256140888
variance,ae_vae,cnn,3,64.0,0.8568573611550807,0.613550135501355,0.5745807919720963
variance,chrom_hmm,xgboost,3,15.0,0.888142836240569,0.6971544715447154,0.6923930640300909
variance,chrom_hmm,random_forest,3,15.0,0.8980738464609859,0.7512195121951218,0.7304233175844357
variance,chrom_hmm,logistic,3,15.0,0.8885881084370082,0.6964769647696477,0.6533620999640417
variance,chrom_hmm,elasticnet,3,15.0,0.892807683686475,0.7020325203252034,0.6594559880336878
variance,chrom_hmm,svm,3,15.0,0.8984309805642935,0.7415989159891598,0.7135506003430532
variance,chrom_hmm,mlp,3,15.0,0.8869062975012518,0.6855013550135501,0.6383201835938154
variance,chrom_hmm,cnn,3,15.0,0.8499071211369391,0.5822493224932249,0.5919078522705465
variance,none,xgboost,3,5000.0,0.8997135751701345,0.6634146341463415,0.6630079212964702
variance,none,random_forest,3,5000.0,0.8832196717955857,0.6663956639566395,0.663153271848924
variance,none,logistic,3,5000.0,0.8960462493329712,0.7119241192411924,0.710459793673567
variance,none,elasticnet,3,5000.0,0.8928713601551923,0.7037940379403794,0.697006702459908
variance,none,svm,3,5000.0,0.8908851295776145,0.7134146341463414,0.7068838086499988
variance,none,mlp,3,5000.0,0.869787445112783,0.720460704607046,0.707816837922156
variance,none,cnn,3,5000.0,0.7327046983532526,0.4222222222222222,0.2104158860996627
variance,pca100,xgboost,3,100.0,0.8703067734212278,0.6593495934959349,0.6550416445153288
variance,pca100,random_forest,3,100.0,0.8459229822983815,0.6597560975609755,0.653925784360567
variance,pca100,logistic,3,100.0,0.8868394542824191,0.6760162601626015,0.6633271490414346
variance,pca100,elasticnet,3,100.0,0.886623086197722,0.6982384823848239,0.6813854345142688
variance,pca100,svm,3,100.0,0.8775229596399802,0.6941734417344173,0.6815122692860517
variance,pca100,mlp,3,100.0,0.8657243690636299,0.660840108401084,0.6639432325088875
variance,pca100,cnn,3,100.0,0.8431110181199851,0.6909214092140922,0.6168496571638172
variance,pca200,xgboost,3,200.0,0.8812598089734004,0.7149051490514905,0.7069944918474641
variance,pca200,random_forest,3,200.0,0.8550177342684088,0.6668021680216802,0.6558616522450157
variance,pca200,logistic,3,200.0,0.8788030470404123,0.6582655826558265,0.6520295996069762
variance,pca200,elasticnet,3,200.0,0.8814223937599773,0.6749322493224933,0.6658718251803358
variance,pca200,svm,3,200.0,0.8841687519505684,0.7078590785907859,0.7015371102327624
variance,pca200,mlp,3,200.0,0.8784510419496628,0.6841463414634146,0.6874111070832383
variance,pca200,cnn,3,200.0,0.7846135844505366,0.462330623306233,0.3100688993546137
variance,pca300,xgboost,3,300.0,0.8961029655001052,0.7319783197831978,0.7174580039395235
variance,pca300,random_forest,3,300.0,0.8465448955356027,0.7071815718157182,0.6811931431400459
variance,pca300,logistic,3,300.0,0.8848091558276808,0.7052845528455284,0.7026324045950978
variance,pca300,elasticnet,3,300.0,0.8848517876748776,0.6871273712737128,0.6867650289847725
variance,pca300,svm,3,300.0,0.8855556481724719,0.718970189701897,0.716270665585165
variance,pca300,mlp,3,300.0,0.8788373620756368,0.6941734417344173,0.6898104374279074
variance,pca300,cnn,3,300.0,0.8399681519426352,0.6735772357723578,0.6232092586800125
variance,pls20,xgboost,3,20.0,0.85740009160655,0.6430894308943089,0.6411040599434208
variance,pls20,random_forest,3,20.0,0.84267388264707,0.6052845528455285,0.6072308832344514
variance,pls20,logistic,3,20.0,0.8877187349614452,0.6897018970189702,0.6889582054526247
variance,pls20,elasticnet,3,20.0,0.8876255473753302,0.6937669376693768,0.6929986094930287
variance,pls20,svm,3,20.0,0.8811478641229383,0.6967479674796748,0.6951902712304433
variance,pls20,mlp,3,20.0,0.8784271626891912,0.6749322493224933,0.6754453014615617
variance,pls20,cnn,3,20.0,0.8818796172807075,0.67710027100271,0.6841355525566052
variance,pls30,xgboost,3,30.0,0.8478116634072997,0.6441734417344174,0.6443191311612364
variance,pls30,random_forest,3,30.0,0.8341423841951757,0.6245257452574525,0.6265195817827397
variance,pls30,logistic,3,30.0,0.8818825969259416,0.6523035230352304,0.6514102386557724
variance,pls30,elasticnet,3,30.0,0.8877174205496544,0.667479674796748,0.6674201496417188
variance,pls30,svm,3,30.0,0.881348927028348,0.6563685636856369,0.6554263029128006
variance,pls30,mlp,3,30.0,0.872432186642358,0.6841463414634146,0.6851527713803164
variance,pls30,cnn,3,30.0,0.8786713252040004,0.6437669376693766,0.6470588235294118
variance,ae,xgboost,4,64.0,0.8717801664247222,0.6877274487030585,0.686875508394141
variance,ae,random_forest,4,64.0,0.8674258083423445,0.6534068912117692,0.6514315709552086
variance,ae,logistic,4,64.0,0.9053829137922246,0.7973480449090204,0.7589242519012426
variance,ae,elasticnet,4,64.0,0.9020421116922244,0.802903600464576,0.7644312068415805
variance,ae,svm,4,64.0,0.88147813786045,0.7452768099109562,0.7093148741180452
variance,ae,mlp,4,64.0,0.8798456774878834,0.6832559039876113,0.6765523008037979
variance,ae,cnn,4,64.0,0.8779647392898213,0.7069686411149826,0.710424173838808
variance,ae_vae,xgboost,4,64.0,0.8406942427816269,0.6131436314363143,0.6089542902340074
variance,ae_vae,random_forest,4,64.0,0.842799859156557,0.6054006968641115,0.6043642148217311
variance,ae_vae,logistic,4,64.0,0.8586122002584574,0.6924119241192411,0.6575276620316183
variance,ae_vae,elasticnet,4,64.0,0.8580725318242166,0.6964769647696477,0.661209195788635
variance,ae_vae,svm,4,64.0,0.8515167581048885,0.6913279132791329,0.6554373788251284
variance,ae_vae,mlp,4,64.0,0.8595451289558046,0.6887533875338754,0.6492241175076996
variance,ae_vae,cnn,4,64.0,0.8582126779360832,0.6706349206349206,0.599270410833349
variance,chrom_hmm,xgboost,4,15.0,0.844347225128749,0.6619241192411924,0.6638821882724322
variance,chrom_hmm,random_forest,4,15.0,0.8548056412876811,0.6681765389082462,0.6705685783085163
variance,chrom_hmm,logistic,4,15.0,0.846322537731385,0.708284939992257,0.6671567426284408
variance,chrom_hmm,elasticnet,4,15.0,0.8519493655701145,0.6909214092140922,0.6553207986043806
variance,chrom_hmm,svm,4,15.0,0.889257646584151,0.7208672086720868,0.6896211923600847
variance,chrom_hmm,mlp,4,15.0,0.8737748697941168,0.6927990708478514,0.6650146226061843
variance,chrom_hmm,cnn,4,15.0,0.9086675569604216,0.7191637630662021,0.7257309941520468
variance,none,xgboost,4,5000.0,0.9278534998238968,0.7147890050329074,0.7255361392137112
variance,none,random_forest,4,5000.0,0.8965432024061882,0.6796747967479675,0.6890166028097062
variance,none,logistic,4,5000.0,0.9144530844490304,0.7166860240030971,0.7244713804713805
variance,none,elasticnet,4,5000.0,0.900801874066158,0.7173828881145954,0.7220196925114958
variance,none,svm,4,5000.0,0.9077226207950644,0.7158923732094463,0.7214775577051026
variance,none,mlp,4,5000.0,0.90605429419006,0.7132984901277584,0.7319147895419081
variance,none,cnn,4,5000.0,0.6704878797384551,0.3333333333333333,0.0760869565217391
variance,pca100,xgboost,4,100.0,0.8697994161488284,0.6774099883855982,0.6770696381231546
variance,pca100,random_forest,4,100.0,0.8475614708393825,0.697251258226868,0.6830685230685231
variance,pca100,logistic,4,100.0,0.902581006229074,0.7277003484320557,0.7237650360180005
variance,pca100,elasticnet,4,100.0,0.9014550476798536,0.7221447928765001,0.7189912216978258
variance,pca100,svm,4,100.0,0.905413725378654,0.7387146728610143,0.7304998331938849
variance,pca100,mlp,4,100.0,0.8818296254089771,0.6814750290360047,0.6802536102359266
variance,pca100,cnn,4,100.0,0.7597655119727406,0.4869337979094076,0.3896845694799659
variance,pca200,xgboost,4,200.0,0.8826479801367304,0.6870305845915602,0.6938120549593823
variance,pca200,random_forest,4,200.0,0.8544304132063262,0.6658149438637243,0.6453601595293746
variance,pca200,logistic,4,200.0,0.8928288970729076,0.688211382113821,0.6946134830609783
variance,pca200,elasticnet,4,200.0,0.8946402267593472,0.688211382113821,0.6932868865724465
variance,pca200,svm,4,200.0,0.9062260730391732,0.7324622531939605,0.7333125885300685
variance,pca200,mlp,4,200.0,0.8886663739777715,0.7262098335269066,0.7278774440636968
variance,pca200,cnn,4,200.0,0.8706436184024078,0.6622338366240804,0.5999412110523221
variance,pca300,xgboost,4,300.0,0.8726883702082304,0.6592528068137824,0.6598541618746697
variance,pca300,random_forest,4,300.0,0.8269164183641298,0.6403213317847464,0.6214985100042572
variance,pca300,logistic,4,300.0,0.905194354094816,0.6952574525745258,0.699781378600823
variance,pca300,elasticnet,4,300.0,0.905086650694891,0.6993224932249323,0.7040946313203692
variance,pca300,svm,4,300.0,0.9073476753519384,0.7262098335269066,0.7315039009954264
variance,pca300,mlp,4,300.0,0.8860589885728137,0.6738288811459543,0.6773608676599475
variance,pca300,cnn,4,300.0,0.8208767029833165,0.5214092140921409,0.4694262890341322
variance,pls20,xgboost,4,20.0,0.8875996131869864,0.6519938056523422,0.6585729085729085
variance,pls20,random_forest,4,20.0,0.8781364338278429,0.6616144018583042,0.6753413891344926
variance,pls20,logistic,4,20.0,0.9032833042884564,0.695954316686024,0.6977637954976289
variance,pls20,elasticnet,4,20.0,0.9049414440548468,0.695954316686024,0.6977637954976289
variance,pls20,svm,4,20.0,0.9016886554797102,0.668970189701897,0.6724413762875301
variance,pls20,mlp,4,20.0,0.893919277714016,0.6649051490514905,0.6662830868462577
variance,pls20,cnn,4,20.0,0.8921344087695394,0.6952574525745258,0.7066645928921379
variance,pls30,xgboost,4,30.0,0.8784930026882121,0.6305652342237708,0.6344687688410123
variance,pls30,random_forest,4,30.0,0.8709947824316305,0.6453542392566782,0.6549231129401908
variance,pls30,logistic,4,30.0,0.8997682093982738,0.6889082462253193,0.6947544829897772
variance,pls30,elasticnet,4,30.0,0.9013877290966908,0.6841463414634146,0.6878187172304818
variance,pls30,svm,4,30.0,0.8945766653137088,0.6730352303523035,0.6791123106912581
variance,pls30,mlp,4,30.0,0.8959555318441396,0.6918892760356176,0.6924030218147865
variance,pls30,cnn,4,30.0,0.9062648157503738,0.678590785907859,0.6838303897300658
